,BsmtCond,BsmtExposure,BsmtFinType1,BsmtFinType2,BsmtQual,Electrical,ExterCond,ExterQual,Fence,FireplaceQu,Functional,GarageCond,GarageFinish,GarageQual,HeatingQC,KitchenQual,LandSlope,LotShape,PavedDrive,PoolQC,Utilities
0,3,1,6,1,4,5,3,4,0,0,8,3,2,3,5,4,3,4,3,0,4
1,3,4,5,1,4,5,3,3,0,3,8,3,2,3,5,3,3,4,3,0,4
2,3,2,6,1,4,5,3,4,0,3,8,3,2,3,5,4,3,3,3,0,4
3,4,1,5,1,3,5,3,3,0,4,8,3,1,3,4,4,3,3,3,0,4
4,3,3,6,1,4,5,3,4,0,3,8,3,2,3,5,4,3,3,3,0,4
5,3,1,6,1,4,5,3,3,3,0,8,3,1,3,5,3,3,3,3,0,4
6,3,3,6,1,5,5,3,4,0,4,8,3,2,3,5,4,3,4,3,0,4
7,3,2,5,4,4,5,3,3,0,3,8,3,2,3,5,3,3,3,3,0,4
8,3,1,1,1,3,3,3,3,0,3,7,3,1,2,4,3,3,4,3,0,4
9,3,1,6,1,3,5,3,3,0,3,8,3,2,4,5,3,3,4,3,0,4
10,3,1,3,1,3,5,3,3,0,0,8,3,1,3,5,3,3,4,3,0,4
11,3,1,6,1,5,5,3,5,0,4,8,3,3,3,5,5,3,3,3,0,4
12,3,1,5,1,3,5,3,3,0,0,8,3,1,3,3,3,3,2,3,0,4
13,3,3,1,1,4,5,3,4,0,4,8,3,2,3,5,4,3,3,3,0,4
14,3,1,4,1,3,5,3,3,2,2,8,3,2,3,3,3,3,3,3,0,4
15,3,1,1,1,3,4,3,3,4,0,8,3,1,3,5,3,3,4,3,0,4
16,3,1,5,1,3,5,3,3,0,3,8,3,3,3,5,3,3,3,3,0,4
17,0,0,0,0,0,5,3,3,0,0,8,3,1,3,3,3,3,4,3,0,4
18,3,1,6,1,3,5,3,3,0,0,8,3,1,3,5,4,3,4,3,0,4
19,3,1,2,1,3,5,3,3,3,0,7,3,1,3,3,3,3,4,3,0,4
20,3,3,1,1,5,5,3,4,0,4,8,3,2,3,5,4,3,3,3,0,4
21,3,1,1,1,3,3,3,3,4,4,8,3,1,3,5,4,3,4,1,0,4
22,3,1,1,1,4,5,3,4,0,4,8,3,2,3,5,4,3,4,3,0,4
23,3,1,6,1,4,5,3,3,0,3,8,3,1,3,3,3,3,4,3,0,4
24,3,2,3,5,3,5,4,3,3,3,8,3,1,3,5,4,3,3,3,0,4
25,3,1,1,1,4,5,3,4,0,4,8,3,2,3,5,4,3,4,3,0,4
26,3,2,4,3,3,5,3,3,0,0,8,3,1,3,3,4,3,4,3,0,4
27,3,1,6,1,5,5,3,4,0,4,8,3,2,3,5,4,3,4,3,0,4
28,3,4,4,1,3,5,3,3,0,4,8,3,2,3,3,3,3,3,3,0,4
29,3,1,1,1,3,5,3,3,0,0,8,3,1,2,2,2,3,3,3,0,4
30,3,1,1,1,3,5,2,3,3,0,8,2,1,3,3,3,3,4,1,0,4
31,3,1,1,1,3,5,3,3,3,0,8,3,1,3,4,4,3,3,3,0,4
32,3,3,1,1,5,5,3,4,0,0,8,3,2,3,5,4,3,4,3,0,4
33,3,1,3,1,3,5,3,3,0,4,8,3,2,3,4,4,3,3,3,0,4
34,3,1,6,1,5,5,3,5,0,4,8,3,3,3,5,5,3,4,3,0,4
35,3,3,1,1,5,5,3,4,0,4,8,3,3,3,5,4,3,4,3,0,4
36,3,1,1,1,4,5,3,3,0,0,8,3,1,3,5,3,3,4,3,0,4
37,3,1,3,1,3,5,3,3,0,3,8,3,3,3,4,3,3,4,3,0,4
38,3,1,6,1,3,5,4,3,0,0,8,3,1,3,3,4,3,4,3,0,4
39,0,0,0,0,0,2,3,3,0,0,8,0,0,0,3,2,3,4,1,0,4
40,3,1,3,1,3,5,3,3,2,3,8,3,2,3,5,3,3,4,3,0,4
41,3,4,4,1,3,5,4,3,0,4,8,3,2,3,4,3,3,4,2,0,4
42,3,3,5,2,4,5,3,3,3,0,8,4,2,3,4,4,3,3,3,0,4
43,3,3,2,4,4,5,3,3,3,0,8,3,1,3,3,3,3,3,3,0,4
44,3,1,5,4,3,4,3,3,0,0,8,3,2,3,5,3,3,4,3,0,4
45,3,1,6,1,5,5,3,5,0,4,8,3,2,3,5,5,3,4,3,0,4
46,3,1,6,1,5,5,3,4,0,5,8,3,2,3,5,4,3,3,3,0,4
47,3,3,6,1,4,5,3,4,0,0,8,3,2,3,5,4,3,4,3,0,4
48,3,1,1,1,3,5,3,3,0,0,8,0,0,0,4,3,3,4,1,0,4
49,3,1,4,1,3,5,3,3,3,0,8,3,1,3,5,3,3,4,3,0,4
50,3,3,6,1,4,5,3,3,0,0,8,3,3,3,4,3,3,2,3,0,4
51,3,1,1,1,3,5,3,3,3,4,8,3,1,3,3,3,3,4,3,0,4
52,3,4,2,6,4,5,3,2,0,0,8,3,1,3,3,3,2,2,3,0,4
53,3,4,6,1,5,5,3,4,0,4,8,3,3,3,4,4,3,3,3,0,4
54,3,1,5,1,3,5,3,3,3,3,7,3,1,3,3,3,2,4,3,0,4
55,3,1,4,1,3,5,3,3,0,4,8,3,2,3,4,3,3,3,3,0,4
56,3,1,6,1,4,5,3,4,0,0,8,3,3,3,5,4,3,4,3,0,4
57,3,1,1,1,4,5,3,4,0,0,8,3,2,3,5,4,3,3,3,0,4
58,3,4,1,1,5,5,3,5,0,4,8,3,3,3,5,4,3,2,3,0,4
59,3,3,5,1,3,5,3,3,3,0,8,3,1,3,5,3,3,4,3,0,4
60,3,1,5,1,4,5,3,3,0,0,8,3,1,3,5,4,3,4,3,0,4
61,2,1,1,1,3,5,3,3,0,0,8,3,1,3,3,2,3,4,1,0,4
62,4,2,6,1,4,5,3,4,0,4,8,3,2,3,5,4,3,3,3,0,4
63,3,1,1,1,3,5,3,3,4,0,8,3,1,3,4,3,3,3,3,0,4
64,3,1,6,1,4,5,3,3,4,0,8,3,2,3,5,4,3,4,3,0,4
65,3,3,1,1,5,5,3,4,0,4,8,3,2,3,5,4,3,4,3,0,4
66,3,4,6,1,4,5,3,3,0,4,7,3,2,3,3,3,3,4,3,0,4
67,3,3,6,1,4,5,3,4,0,0,8,3,2,3,5,4,3,3,3,0,4
68,3,1,1,1,3,5,4,3,0,0,8,3,1,3,3,3,3,4,3,0,4
69,3,1,4,1,3,5,3,4,0,3,8,3,3,3,3,3,3,4,3,0,4
70,3,4,5,1,4,5,4,3,0,4,8,3,3,3,5,3,3,3,3,0,4
71,3,1,5,1,3,5,3,3,0,0,8,3,1,3,3,3,3,4,3,0,4
72,3,1,1,1,4,5,3,3,0,3,8,3,3,3,4,3,3,3,3,0,4
73,3,1,5,4,3,5,3,3,2,0,8,3,1,3,4,3,3,4,3,0,4
74,3,1,1,1,2,5,4,4,0,0,8,3,1,3,4,3,3,4,3,0,4
75,3,4,6,1,4,5,3,3,2,0,8,3,1,3,3,3,3,4,3,0,4
76,3,1,5,1,3,4,3,3,0,0,8,3,1,3,5,3,3,3,3,0,4
77,3,1,4,6,3,5,3,3,3,0,7,3,1,3,3,3,3,4,3,0,4
78,3,1,1,1,3,5,3,3,0,0,8,0,0,0,3,3,3,4,3,0,4
79,3,1,1,1,3,5,3,3,3,0,8,3,1,3,4,3,3,4,3,0,4
80,3,1,3,1,4,5,4,3,0,4,8,3,3,3,3,4,3,4,3,0,4
81,4,1,6,1,5,5,4,3,0,0,8,3,3,3,5,3,3,4,3,0,4
82,3,1,6,1,4,5,3,3,0,4,8,3,2,3,5,4,3,4,3,0,4
83,3,1,1,1,3,5,3,3,0,0,8,3,1,3,4,3,3,3,3,0,4
84,3,1,1,1,4,5,3,3,0,3,8,3,3,3,4,3,3,3,3,0,4
85,3,1,1,1,4,5,3,4,0,3,8,3,1,3,5,4,3,4,3,0,4
86,3,3,1,1,4,5,3,4,0,4,8,3,3,3,5,4,3,2,3,0,4
87,3,3,1,1,4,5,3,4,0,0,8,3,2,3,5,4,3,4,3,0,4
88,2,1,1,1,3,5,2,2,3,0,8,0,0,0,3,2,3,3,1,0,4
89,3,1,6,1,4,5,3,3,0,0,8,0,0,0,5,3,3,4,3,0,4
90,0,0,0,0,0,4,3,3,0,0,8,3,1,3,3,3,3,4,3,0,4
91,3,1,3,1,3,5,3,3,2,0,8,3,1,3,3,3,3,4,3,0,4
92,3,1,5,1,4,5,4,3,0,0,8,3,1,3,5,3,3,3,3,0,4
93,2,2,3,1,3,5,3,3,0,4,8,3,1,3,5,3,3,4,3,0,4
94,3,1,6,1,4,5,4,3,0,0,8,3,2,3,5,4,3,3,3,0,4
95,4,1,5,1,4,5,4,5,0,3,8,3,3,3,4,3,3,2,3,0,4
96,3,3,5,1,4,5,3,4,0,0,8,3,2,3,5,4,3,3,3,0,4
97,3,1,3,1,3,3,3,3,0,0,8,3,3,3,3,3,3,4,2,0,4
98,3,1,5,1,3,5,3,3,0,0,8,3,1,2,2,3,3,4,3,0,4
99,3,1,5,1,3,5,3,3,0,0,8,0,0,0,2,3,3,3,3,0,4
100,3,2,5,1,3,5,3,3,0,3,8,3,2,3,4,4,3,3,3,0,4
101,3,1,1,1,4,5,3,4,0,3,8,3,3,3,3,4,3,4,3,0,4
102,0,0,0,0,0,5,2,3,0,0,8,3,1,3,3,3,3,4,3,0,4
103,3,1,1,1,4,5,3,3,0,0,8,3,2,3,5,4,3,3,3,0,4
104,3,1,2,1,3,3,2,3,0,3,8,3,1,3,5,3,3,4,3,0,4
105,3,1,1,1,5,5,3,4,0,4,8,3,2,3,5,4,3,4,3,0,4
106,3,1,1,1,2,5,3,3,0,0,8,2,1,2,4,3,3,4,1,0,4
107,3,1,5,4,3,5,3,3,0,0,8,3,1,3,5,3,3,4,3,0,4
108,3,1,1,1,3,3,3,3,0,0,8,0,0,0,3,2,3,4,1,0,4
109,3,1,4,1,4,5,3,3,3,3,8,3,2,3,5,3,3,3,3,0,4
110,2,1,3,1,3,5,3,3,0,0,8,3,1,3,4,3,3,4,3,0,4
111,3,1,6,1,4,5,3,3,0,3,8,3,3,3,5,3,3,3,3,0,4
112,3,3,6,1,5,5,3,4,0,4,8,3,3,3,5,5,3,4,3,0,4
113,3,2,5,3,4,5,4,3,3,4,8,3,1,3,3,4,3,4,3,0,4
114,3,1,5,2,3,5,3,3,3,3,8,3,1,3,5,4,2,3,3,0,4
115,3,1,6,1,4,5,3,3,0,2,8,3,1,3,4,3,3,4,3,0,4
116,3,1,2,4,3,5,3,3,0,1,8,3,1,3,3,3,3,4,3,0,4
117,3,1,1,1,4,5,3,3,0,0,8,3,1,3,4,3,3,4,3,0,4
118,3,2,6,1,4,5,3,3,0,3,8,3,1,3,4,4,3,4,3,0,4
119,3,1,1,1,4,5,3,4,0,4,8,3,3,3,5,4,3,4,3,0,4
120,3,4,5,1,3,5,3,3,0,3,8,3,1,3,5,3,1,3,3,0,4
121,3,1,1,1,3,5,3,3,3,0,8,3,1,3,4,3,3,4,2,0,4
122,3,1,4,1,3,5,4,3,0,0,8,3,1,3,4,3,3,4,3,0,4
123,3,1,6,1,4,5,3,4,0,0,8,3,2,3,5,4,3,4,3,0,4
124,2,1,1,1,4,5,4,3,0,3,8,3,1,3,3,3,3,3,3,0,4
125,3,3,6,1,3,5,2,3,0,0,8,0,0,0,4,3,3,4,1,0,4
126,3,1,5,1,4,5,3,3,0,3,8,3,2,3,3,3,3,3,3,0,4
127,3,1,2,1,3,5,4,3,0,3,8,0,0,0,5,3,3,3,1,0,4
128,3,1,4,1,3,5,3,3,0,2,8,3,2,3,3,3,3,4,3,0,4
129,3,1,3,4,3,4,3,3,1,0,8,3,2,3,3,5,3,4,3,0,4
130,3,1,3,1,3,5,3,3,4,4,8,3,3,3,5,4,3,4,3,0,4
131,3,1,6,1,4,5,3,4,0,3,8,3,2,3,5,4,3,3,3,0,4
132,3,1,3,1,3,5,3,3,0,0,8,3,1,3,4,4,3,4,3,0,4
133,3,1,6,1,5,5,3,4,0,0,8,3,3,3,5,4,3,3,3,0,4
134,3,1,3,1,3,5,3,3,3,3,7,3,2,3,4,3,3,3,3,0,4
135,3,1,1,1,3,5,3,3,3,4,8,3,1,3,4,3,3,4,3,0,4
136,3,1,4,1,3,5,3,3,0,2,8,3,2,3,3,3,3,3,3,0,4
137,3,1,1,1,3,5,3,3,0,0,8,3,1,3,4,3,3,4,3,0,4
138,3,2,6,1,4,5,3,4,4,3,8,3,3,3,5,4,3,3,3,0,4
139,3,1,6,1,4,5,3,3,3,0,8,3,2,3,5,4,3,3,3,0,4
140,3,1,5,1,3,5,3,3,0,1,8,0,0,0,3,3,3,4,3,0,4
141,3,3,6,1,4,5,3,4,0,0,8,3,3,3,5,4,3,4,3,0,4
142,3,1,3,1,3,5,2,3,3,0,8,3,1,3,2,3,3,4,3,0,4
143,3,4,6,1,4,5,3,4,0,0,8,3,2,3,5,4,3,3,3,0,4
144,3,1,3,1,3,5,3,3,0,0,8,3,1,3,3,3,3,4,3,0,4
145,3,1,1,1,4,5,3,4,0,0,4,3,1,3,5,4,3,4,3,0,4
146,3,1,4,1,3,4,3,3,0,0,8,3,1,2,3,3,3,4,3,0,4
147,3,1,1,1,4,5,3,4,0,4,8,3,3,3,5,4,3,3,3,0,4
148,3,1,6,1,4,5,3,3,0,0,8,0,0,0,5,4,3,4,3,0,4
149,3,1,1,1,4,4,3,3,0,0,8,3,1,2,4,3,3,4,3,0,4
150,3,3,4,1,3,5,3,3,3,0,8,3,1,3,3,3,3,4,3,0,4
151,3,4,6,1,5,5,3,4,0,4,8,3,2,3,5,4,3,4,3,0,4
152,3,1,3,1,3,5,3,3,2,4,8,3,2,3,4,3,3,3,3,0,4
153,3,4,4,5,4,5,3,3,0,4,8,3,2,3,4,3,3,4,3,0,4
154,3,1,1,1,3,4,3,3,0,0,8,2,1,2,3,3,3,4,3,0,4
155,3,1,1,1,3,3,3,3,0,0,8,0,0,0,2,3,3,4,1,0,4
156,0,0,0,0,0,3,3,3,0,0,8,3,1,3,3,3,3,4,3,0,4
157,3,1,1,1,5,5,3,4,0,4,8,3,3,3,5,5,3,4,3,0,4
158,3,1,6,1,4,5,3,4,2,4,8,3,2,3,5,4,3,4,3,0,4
159,3,2,6,1,4,5,3,4,0,4,8,3,2,3,5,4,3,3,3,0,4
160,3,1,4,1,4,5,3,3,0,0,8,3,1,3,3,3,3,3,3,0,4
161,3,3,6,1,5,5,3,4,0,4,8,3,3,3,5,5,3,3,3,0,4
162,3,2,4,1,4,5,3,4,0,4,8,3,2,3,5,4,3,4,3,0,4
163,3,1,1,1,3,5,3,3,3,0,8,0,0,0,5,3,3,4,3,0,4
164,3,2,2,1,3,4,4,3,0,0,8,3,1,3,4,4,3,4,3,0,4
165,3,1,5,3,3,5,4,3,0,0,8,0,0,0,4,3,3,4,3,0,4
166,3,1,2,4,3,4,3,4,2,4,8,3,3,3,5,3,3,3,3,0,4
167,3,1,6,1,5,5,3,4,0,4,8,3,3,3,5,5,3,4,3,0,4
168,3,1,1,1,4,5,3,4,0,4,8,3,3,3,5,4,3,3,3,0,4
169,3,1,1,1,4,5,3,4,0,3,8,3,2,3,3,3,3,3,3,0,4
170,3,1,3,1,3,5,3,3,0,0,8,3,1,3,3,3,3,3,3,0,4
171,4,4,4,1,3,5,3,3,0,4,8,3,3,3,2,3,3,3,2,0,4
172,4,1,6,3,4,5,4,4,0,3,8,3,2,4,4,4,3,3,3,0,4
173,3,1,5,3,3,5,3,3,0,3,8,3,1,3,3,3,3,3,3,0,4
174,2,1,5,2,4,5,3,3,0,3,6,3,3,3,3,3,3,3,3,0,4
175,4,3,5,1,3,5,3,3,3,4,8,3,1,3,3,4,3,4,3,0,4
176,3,1,6,1,4,5,3,4,0,3,8,3,1,3,3,3,3,3,3,0,4
177,3,1,5,4,3,5,4,4,0,4,8,3,1,3,5,4,3,4,3,0,4
178,3,1,6,1,5,5,3,5,0,4,8,3,3,3,5,5,3,3,3,0,4
179,3,1,1,1,3,5,3,4,0,0,8,3,1,2,3,3,3,4,1,0,4
180,3,1,6,1,4,5,3,4,0,3,8,3,1,3,5,4,3,4,3,0,4
181,3,1,2,1,2,5,3,3,0,4,8,3,1,2,4,3,3,4,3,0,4
182,0,0,0,0,0,5,3,3,3,4,8,3,2,3,5,3,3,4,3,0,4
183,3,1,1,1,4,5,3,3,0,0,5,3,1,3,5,4,3,4,1,0,4
184,3,1,1,1,2,5,3,3,3,0,8,3,1,3,4,3,3,3,3,0,4
185,3,2,1,1,3,5,4,4,4,3,8,3,1,5,5,5,3,2,3,0,4
186,3,3,6,1,4,5,3,3,4,0,8,3,1,3,5,4,3,3,3,0,4
187,3,1,1,1,2,5,3,3,3,0,6,2,1,2,5,3,3,4,1,0,4
188,3,3,6,1,4,5,3,3,0,3,8,3,1,3,3,3,3,4,3,0,4
189,3,3,6,1,5,5,3,4,0,4,8,3,3,3,5,5,3,4,3,0,4
190,4,1,3,1,4,5,3,4,0,3,4,3,1,3,3,4,2,4,3,0,4
191,3,1,5,1,3,5,3,3,0,0,8,3,3,3,4,4,3,3,3,0,4
192,3,3,6,1,4,5,3,4,0,0,8,3,3,3,5,4,3,3,3,0,4
193,3,1,1,1,4,5,3,4,0,0,4,3,1,3,5,4,3,4,3,0,4
194,3,3,5,1,3,5,3,3,0,0,8,3,1,3,3,3,3,3,3,0,4
195,3,1,5,1,4,5,3,3,0,3,8,3,1,3,3,3,3,4,3,0,4
196,3,1,6,1,5,5,3,5,0,4,8,3,3,3,5,5,3,4,3,0,4
197,3,1,6,2,3,5,4,4,4,5,8,3,1,3,4,4,3,4,3,5,4
198,3,1,1,1,3,5,3,3,3,0,8,0,0,0,5,3,3,4,3,0,4
199,3,3,6,1,5,5,3,4,0,4,8,3,3,3,5,5,3,4,3,0,4
200,3,1,1,1,4,5,3,3,0,0,8,3,2,3,5,3,3,4,3,0,4
201,3,1,5,2,3,5,3,3,3,2,8,3,1,3,3,3,3,4,3,0,4
202,3,1,2,1,2,5,4,3,0,0,7,3,1,3,4,3,3,4,3,0,4
203,3,3,6,1,4,5,3,4,0,4,8,3,2,3,5,4,3,4,3,0,4
204,3,1,2,1,3,5,3,3,1,0,8,3,1,3,3,3,3,4,3,0,4
205,3,1,1,1,4,5,3,3,0,0,8,3,2,3,5,3,3,4,3,0,4
206,3,1,1,1,3,5,4,3,0,3,6,3,2,3,3,3,3,3,3,0,4
207,3,1,5,3,3,5,3,3,2,1,8,3,2,3,3,3,3,3,3,0,4
208,3,4,6,1,4,5,3,4,0,4,8,3,3,3,5,3,2,3,3,0,4
209,3,1,3,1,4,5,3,3,3,0,8,4,2,3,5,3,3,4,3,0,4
210,3,1,3,1,3,4,3,3,0,0,8,0,0,0,3,3,3,4,3,0,4
211,3,2,6,1,4,5,3,3,0,0,8,3,2,3,5,4,3,4,3,0,4
212,3,1,6,1,4,5,3,3,0,3,8,3,2,3,5,4,3,4,3,0,4
213,3,1,5,1,4,5,3,3,0,0,8,3,1,3,5,3,3,2,3,0,4
214,3,1,6,1,4,5,3,3,3,0,8,3,3,3,5,3,3,3,3,0,4
215,3,1,4,1,3,5,3,3,3,2,7,3,1,3,3,4,3,3,3,0,4
216,3,2,6,1,4,5,3,4,0,0,8,3,1,3,5,4,3,4,3,0,4
217,3,1,1,1,3,5,3,3,0,0,8,3,1,3,2,3,3,4,3,0,4
218,3,1,4,1,3,5,4,4,0,3,8,3,1,3,5,4,3,3,3,0,4
219,3,3,6,1,4,5,3,4,0,0,8,3,3,3,5,4,3,4,3,0,4
220,3,2,1,1,4,5,3,4,0,0,8,3,2,3,5,4,3,3,3,0,4
221,3,1,1,1,4,5,3,4,0,3,8,3,2,3,5,4,3,3,3,0,4
222,3,1,5,1,4,5,3,3,3,3,8,3,2,3,3,3,3,4,3,0,4
223,3,1,5,2,3,5,3,3,0,0,8,3,1,3,4,3,3,4,3,0,4
224,3,4,6,1,5,5,3,5,0,5,8,3,3,3,5,5,3,4,3,0,4
225,3,1,1,1,3,5,3,3,0,0,8,3,1,3,3,3,3,4,3,0,4
226,3,1,6,1,4,5,3,4,0,3,8,3,2,3,5,4,3,3,3,0,4
227,3,1,3,1,3,5,3,3,0,0,8,3,1,3,3,3,3,4,3,0,4
228,3,1,5,1,3,5,3,3,3,2,8,3,1,3,3,3,3,4,3,0,4
229,3,3,6,1,4,5,3,4,0,3,8,3,3,3,5,4,3,4,3,0,4
230,3,1,1,1,3,5,3,3,0,0,8,3,2,3,3,3,3,4,3,0,4
231,3,1,6,1,4,5,3,4,0,3,8,3,3,3,5,5,3,3,3,0,4
232,3,1,1,1,3,5,3,3,0,1,8,3,1,3,3,3,3,4,3,0,4
233,4,3,2,5,3,5,3,3,3,0,8,3,1,3,3,3,3,4,3,0,4
234,3,1,6,1,4,5,3,4,0,3,8,3,3,3,5,4,3,4,3,0,4
235,3,1,5,1,3,5,3,3,0,0,8,3,1,3,3,3,3,4,3,0,4
236,3,3,6,1,4,5,3,4,0,0,8,3,2,3,5,4,3,4,3,0,4
237,3,1,4,1,4,5,3,4,0,0,8,3,2,3,5,4,3,3,3,0,4
238,3,1,1,1,5,5,3,5,0,0,8,3,3,3,5,4,3,4,3,0,4
239,2,1,2,1,3,4,3,3,3,4,8,3,1,3,3,3,3,4,3,0,4
240,3,3,6,1,4,5,3,4,0,0,8,3,2,3,5,4,3,4,3,0,4
241,3,1,5,1,3,5,4,3,0,0,8,0,0,0,4,4,3,4,3,0,4
242,3,1,1,1,3,4,3,3,0,0,8,3,1,2,4,3,3,4,3,0,4
243,3,1,1,1,4,5,3,3,0,3,8,3,2,3,3,3,3,4,3,0,4
244,3,1,6,1,4,5,3,4,0,2,8,3,2,3,5,4,3,3,3,0,4
245,3,3,6,1,4,5,3,3,0,3,8,3,3,3,4,3,3,4,3,0,4
246,3,1,1,1,2,2,2,3,0,0,8,1,1,1,4,2,3,4,3,0,4
247,3,1,1,1,3,5,3,3,0,3,8,3,1,3,5,3,3,4,3,0,4
248,3,1,1,1,4,5,3,4,0,0,8,3,2,3,5,4,3,4,3,0,4
249,3,4,3,1,4,5,3,4,0,3,8,3,3,3,4,4,1,2,3,0,4
250,3,1,1,1,3,5,1,3,2,0,5,0,0,0,5,2,3,3,3,0,4
251,3,4,6,1,4,5,3,4,0,4,8,3,3,3,5,4,2,3,3,0,4
252,3,1,1,1,4,5,3,4,0,0,8,3,2,3,5,4,3,3,3,0,4
253,3,4,2,5,4,5,3,3,3,0,7,3,2,3,5,4,3,4,3,0,4
254,3,1,3,1,3,5,4,3,0,0,8,3,2,3,3,3,3,4,3,0,4
255,3,1,1,1,4,5,3,4,0,3,8,3,3,3,5,4,3,3,3,0,4
256,3,1,3,1,4,5,3,4,0,0,8,3,2,3,5,4,3,3,3,0,4
257,3,1,6,1,4,5,3,4,0,4,8,3,2,3,5,4,3,4,3,0,4
258,3,1,6,1,4,5,3,4,0,3,8,3,2,3,5,4,3,4,3,0,4
259,0,0,0,0,0,4,3,3,0,0,8,3,1,3,4,3,3,4,3,0,4
260,3,4,3,5,3,5,3,3,2,3,8,3,1,3,3,3,3,4,3,0,4
261,3,1,1,1,5,5,3,4,0,4,8,3,3,3,5,5,3,3,3,0,4
262,4,3,5,1,4,5,3,3,2,3,8,3,1,3,3,3,3,3,3,0,4
263,3,1,2,5,3,5,3,3,0,0,8,3,1,3,3,3,3,4,3,0,4
264,3,1,1,1,2,2,3,3,0,0,8,3,1,3,4,3,3,1,1,0,4
265,3,1,6,2,4,5,4,3,4,3,8,3,3,3,3,4,3,3,3,0,4
266,3,3,6,1,4,5,3,3,0,3,8,3,3,3,4,3,3,3,3,0,4
267,3,1,2,1,3,5,3,3,0,4,8,3,1,3,5,4,2,4,3,0,4
268,3,1,5,3,3,5,3,3,0,4,8,5,3,5,5,3,3,4,3,0,4
269,4,1,4,1,3,5,4,3,4,2,8,4,2,3,3,3,3,3,3,0,4
270,3,2,1,1,4,5,3,4,0,4,8,3,2,3,4,4,3,4,3,0,4
271,3,4,2,6,4,5,3,3,0,3,5,3,1,3,5,3,1,3,3,0,4
272,3,1,6,1,4,5,3,4,0,4,8,3,3,3,5,4,3,3,3,0,4
273,3,1,3,2,3,5,3,3,3,4,7,3,2,3,4,3,3,4,3,0,4
274,3,4,5,1,3,5,3,3,0,0,8,3,1,3,3,3,3,4,3,0,4
275,3,1,1,1,3,5,4,4,0,0,8,3,1,3,4,5,3,4,3,0,4
276,3,1,1,1,5,5,3,4,0,0,8,3,3,3,5,4,3,3,3,0,4
277,3,1,2,1,3,5,3,3,0,0,8,3,1,3,5,3,3,4,3,0,4
278,3,4,1,1,5,5,3,5,0,5,8,3,3,3,5,5,3,4,3,0,4
279,3,1,4,1,4,5,3,3,0,3,8,3,3,3,5,3,3,4,3,0,4
280,3,3,6,1,4,5,3,4,0,3,8,3,3,3,4,4,3,4,3,0,4
281,3,1,6,1,4,5,3,4,0,0,8,3,3,3,4,4,3,4,3,0,4
282,3,1,6,1,4,5,3,4,0,4,8,3,2,3,5,4,3,4,3,0,4
283,3,1,1,1,4,5,3,4,0,4,8,3,3,3,5,4,3,4,3,0,4
284,3,1,6,1,4,5,3,4,0,0,8,3,2,3,4,4,3,4,3,0,4
285,3,1,1,1,4,5,3,4,0,0,8,3,2,3,5,4,3,3,3,0,4
286,3,1,3,1,3,5,3,3,4,4,8,3,2,3,3,4,3,3,3,0,4
287,3,1,4,1,3,5,3,3,0,0,8,0,0,0,3,3,3,3,3,0,4
288,3,1,4,1,3,5,4,3,3,0,8,3,1,3,3,3,3,3,3,0,4
289,3,1,1,1,3,4,3,3,0,0,8,3,1,3,5,3,3,4,3,0,4
290,3,3,1,1,4,5,3,4,0,4,8,3,2,4,5,4,3,4,3,0,4
291,2,1,3,1,3,5,2,3,0,0,8,0,0,0,5,2,3,4,1,0,4
292,3,1,2,1,3,5,3,3,0,4,6,3,1,3,4,3,3,4,3,0,4
293,3,1,5,1,3,5,3,3,0,3,8,3,3,3,2,4,3,3,3,0,4
294,3,1,6,1,3,5,3,3,0,4,8,3,3,3,3,3,3,4,3,0,4
295,3,3,6,1,3,5,3,3,4,0,8,3,1,3,3,3,3,3,3,0,4
296,3,1,4,1,3,4,3,3,3,0,8,3,1,3,3,3,3,4,3,0,4
297,3,1,4,1,4,5,3,4,0,3,8,3,2,3,5,4,3,3,3,0,4
298,3,1,5,3,3,5,3,4,0,4,8,3,1,3,4,3,3,4,3,0,4
299,3,1,1,1,3,5,4,3,4,4,8,3,1,3,5,4,3,4,3,0,4
300,3,2,4,1,3,5,3,3,0,4,8,3,1,3,3,3,3,4,3,0,4
301,3,1,6,1,4,5,3,4,0,3,8,3,3,3,5,4,3,1,3,0,4
302,3,1,1,1,4,5,3,4,0,3,8,3,2,3,5,4,3,3,3,0,4
303,3,1,5,1,3,5,3,3,2,0,8,3,1,3,3,3,3,4,3,0,4
304,3,1,1,1,3,5,3,3,0,5,8,3,1,3,5,4,3,4,3,0,4
305,3,1,6,1,4,5,3,4,0,0,8,3,3,3,5,4,3,4,3,0,4
306,3,1,5,1,4,5,3,4,0,3,8,3,2,3,4,4,3,4,3,0,4
307,3,1,1,1,3,4,2,3,3,0,8,0,0,0,3,2,3,3,1,0,4
308,3,1,4,1,3,5,3,3,0,0,8,3,1,3,5,3,3,3,3,0,4
309,3,4,6,1,5,5,3,4,0,5,8,3,3,3,5,5,3,3,3,0,4
310,3,1,5,1,4,5,3,3,0,3,8,3,3,3,4,4,3,3,3,0,4
311,3,1,5,1,3,5,4,3,0,4,8,3,1,3,5,3,3,4,3,0,4
312,3,2,3,1,4,5,3,3,3,4,8,3,1,3,3,3,3,4,3,0,4
313,3,4,5,3,4,5,3,3,0,4,8,3,2,3,3,3,1,1,3,0,4
314,4,1,2,1,3,5,3,3,0,4,8,3,1,2,5,5,3,4,3,0,4
315,3,1,6,1,4,5,3,4,0,4,8,3,3,3,5,4,3,3,3,0,4
316,3,1,6,1,4,5,3,4,4,3,8,3,2,3,3,5,3,3,3,0,4
317,3,3,1,1,4,5,3,4,0,4,8,3,2,3,5,4,3,4,3,0,4
318,3,4,6,1,4,5,3,4,0,3,8,3,2,3,5,4,2,4,3,0,4
319,3,3,6,1,4,5,3,3,0,3,8,3,1,3,3,3,3,4,3,0,4
320,4,3,1,1,5,5,3,3,0,0,8,3,2,3,5,4,3,4,3,0,4
321,3,3,6,1,5,5,3,4,0,4,8,3,3,3,5,4,3,3,3,0,4
322,3,4,2,5,3,5,3,4,3,3,8,3,3,3,5,4,3,3,3,0,4
323,3,1,5,1,3,5,4,3,0,0,8,3,1,2,5,3,3,4,3,0,4
324,3,1,1,1,4,5,4,4,0,4,8,3,3,3,5,4,3,4,3,0,4
325,3,3,4,1,3,3,3,3,0,0,8,3,1,3,1,3,3,4,3,0,4
326,3,4,6,1,4,5,3,4,0,4,8,3,3,3,5,4,3,3,3,0,4
327,3,1,3,1,3,5,3,3,0,0,8,3,2,3,3,3,3,4,3,0,4
328,3,1,1,1,3,4,3,3,0,0,8,3,1,3,4,4,3,3,3,0,4
329,3,2,1,1,3,5,3,3,2,0,8,2,1,2,3,3,3,4,1,0,4
330,3,1,6,3,3,5,3,3,0,0,8,3,1,3,3,3,3,3,3,0,4
331,3,1,3,1,3,5,3,3,0,0,8,3,2,3,2,3,3,4,3,0,4
332,3,1,6,0,4,5,3,4,0,4,8,3,2,3,5,4,3,3,3,0,4
333,3,3,6,1,4,5,3,4,0,4,8,3,2,3,5,4,3,4,3,0,4
334,3,4,6,1,4,5,3,3,0,3,8,3,3,3,4,3,3,3,3,0,4
335,3,4,5,4,3,5,3,3,0,4,8,3,3,3,5,3,1,3,3,0,4
336,3,4,6,1,5,5,3,4,0,4,8,3,3,3,5,4,3,3,3,0,4
337,3,3,6,1,4,5,3,4,0,0,8,3,2,3,5,4,3,4,3,0,4
338,3,2,5,1,4,5,3,4,0,0,8,3,2,3,5,4,3,4,3,0,4
339,2,1,3,1,3,4,3,3,0,0,8,3,1,3,3,3,3,3,3,0,4
340,3,1,1,1,4,5,3,4,0,0,8,3,3,3,5,4,3,4,3,0,4
341,2,1,1,1,3,5,2,2,0,0,8,3,1,3,4,3,3,4,1,0,4
342,0,0,0,0,0,4,3,3,0,0,8,3,1,3,2,3,3,4,3,0,4
343,3,1,6,1,5,5,3,5,0,5,8,3,2,3,5,5,3,3,3,0,4
344,3,1,3,4,4,5,3,3,0,0,8,3,1,3,3,3,3,4,3,0,4
345,3,1,1,1,3,5,3,3,0,4,8,3,1,3,4,2,3,4,3,0,4
346,3,2,4,1,3,5,4,3,0,0,8,3,2,3,3,3,3,3,3,0,4
347,3,1,4,1,3,4,3,3,0,4,8,3,1,3,5,3,3,3,3,0,4
348,3,1,6,1,4,5,3,4,0,0,8,3,2,3,5,4,3,4,3,0,4
349,3,1,6,1,5,5,3,5,0,5,8,3,3,3,5,5,3,2,3,0,4
350,3,1,1,1,5,5,3,5,0,4,8,3,2,3,5,5,3,3,3,0,4
351,3,4,6,1,4,5,3,3,0,3,8,3,2,3,4,4,2,3,3,0,4
352,2,2,2,3,3,5,3,3,0,0,8,2,1,3,3,3,3,4,3,0,4
353,3,1,1,1,3,5,4,3,0,0,8,3,1,3,4,3,3,4,3,0,4
354,3,1,2,1,3,5,3,3,0,4,8,3,1,3,5,3,3,4,3,0,4
355,4,1,5,4,4,5,4,4,0,0,8,3,2,3,5,4,3,2,3,0,4
356,3,1,6,1,4,5,3,3,0,0,8,3,2,3,4,4,3,3,3,0,4
357,3,1,5,1,4,5,3,3,3,1,8,3,3,3,3,3,3,4,3,0,4
358,3,3,4,3,3,3,3,3,0,0,6,3,1,3,5,4,3,3,3,0,4
359,3,3,6,1,4,5,3,4,0,3,8,3,2,3,5,4,3,3,3,0,4
360,3,3,6,1,4,5,3,3,3,3,8,3,2,3,5,3,3,3,3,0,4
361,3,1,3,1,3,5,3,3,0,0,8,3,1,3,4,3,3,4,1,0,4
362,0,0,0,0,0,5,3,4,0,5,8,3,2,3,5,4,3,4,3,0,4
363,3,1,5,1,3,5,3,3,0,0,8,3,1,3,4,4,3,4,3,0,4
364,3,2,6,1,4,5,3,3,0,3,8,3,3,3,3,3,3,3,3,0,4
365,2,1,3,1,3,4,4,3,0,0,8,2,1,3,4,3,3,4,3,0,4
366,3,1,4,1,4,5,3,3,0,4,8,3,2,3,4,3,3,3,3,0,4
367,3,4,6,1,4,5,3,3,0,4,8,3,2,3,4,3,3,3,3,0,4
368,3,1,2,1,3,5,3,3,0,4,8,3,3,3,4,3,3,4,3,0,4
369,3,1,5,3,3,5,4,3,0,4,8,3,3,3,5,4,3,3,3,0,4
370,3,1,1,1,4,5,3,3,0,3,8,3,2,3,5,3,3,3,3,0,4
371,0,0,0,0,0,5,3,3,0,4,6,3,3,3,3,3,3,4,1,0,4
372,3,1,5,2,4,5,3,3,3,0,8,3,1,3,3,3,3,4,3,0,4
373,3,1,4,2,3,5,3,3,2,0,6,3,1,3,3,3,3,4,3,0,4
374,3,1,1,1,4,5,3,4,0,4,8,3,3,3,5,4,3,4,3,0,4
375,1,4,4,1,2,4,2,2,0,0,4,0,0,0,4,2,1,3,3,0,4
376,3,3,6,1,4,5,3,4,0,0,8,3,1,3,5,3,3,3,3,0,4
377,3,1,1,1,4,5,3,4,0,4,8,3,2,3,5,4,3,3,3,0,4
378,3,3,6,1,5,5,3,4,0,5,8,3,3,3,5,5,3,4,3,0,4
379,3,1,1,1,4,5,3,3,0,3,8,3,3,3,5,3,3,3,3,0,4
380,3,1,2,1,3,5,3,3,0,4,8,3,1,3,3,4,3,4,3,0,4
381,4,1,1,1,4,5,3,4,0,4,8,3,2,3,5,4,3,4,3,0,4
382,3,3,1,1,4,5,3,4,0,0,8,3,2,3,5,4,3,3,3,0,4
383,2,1,1,1,2,4,3,3,0,0,8,2,1,2,3,3,3,4,1,0,4
384,3,3,6,1,4,5,3,4,0,2,8,3,3,3,5,4,2,2,3,0,4
385,3,1,6,1,4,5,3,4,0,3,8,3,3,3,5,4,3,4,3,0,4
386,3,1,1,1,3,5,2,3,0,0,8,0,0,0,3,3,3,4,1,0,4
387,3,3,5,1,3,5,3,3,2,2,8,3,1,3,5,3,3,4,3,0,4
388,3,1,1,1,4,5,3,4,0,0,8,3,2,3,5,4,3,3,3,0,4
389,3,3,6,1,5,5,3,5,0,5,8,3,3,3,5,5,3,4,3,0,4
390,4,1,3,4,3,5,3,3,3,0,8,3,1,3,5,3,3,4,3,0,4
391,3,1,5,1,5,5,3,3,0,3,8,3,3,3,5,4,3,3,3,0,4
392,0,0,0,0,0,5,3,3,3,0,8,3,2,3,3,3,3,3,3,0,4
393,3,1,3,1,3,4,3,3,2,3,8,0,0,0,3,3,3,4,3,0,4
394,3,1,1,1,3,4,3,3,0,0,8,3,1,3,4,3,3,4,3,0,4
395,3,3,4,1,3,5,3,3,0,0,8,3,1,3,3,3,3,4,3,0,4
396,3,3,3,1,3,5,3,3,0,0,8,3,2,3,3,3,3,4,3,0,4
397,3,1,5,1,3,5,3,3,0,3,8,3,2,3,3,3,3,4,3,0,4
398,1,1,1,1,2,1,2,3,0,0,3,1,1,1,4,3,3,4,1,0,4
399,3,1,6,1,4,5,3,4,0,0,8,3,3,3,5,4,3,4,3,0,4
400,3,1,6,1,4,5,3,4,0,4,8,3,3,3,5,5,3,2,3,0,4
401,3,3,6,1,4,5,3,4,0,4,8,3,3,3,5,4,3,3,3,0,4
402,3,1,1,1,3,5,3,3,4,0,8,3,1,3,5,3,3,4,1,0,4
403,3,1,1,1,4,5,3,4,0,3,8,3,3,3,4,4,3,4,3,0,4
404,3,1,1,1,4,5,3,3,0,3,8,3,3,3,4,3,3,3,3,0,4
405,3,1,4,1,3,5,3,3,2,3,7,3,1,3,5,3,3,3,3,0,4
406,3,1,1,1,3,4,3,3,0,0,3,3,1,3,5,3,3,4,3,0,4
407,3,1,1,1,4,5,3,3,0,0,8,3,1,3,5,3,3,4,3,0,4
408,4,1,1,1,5,5,3,4,0,4,8,3,2,3,5,4,3,4,3,0,4
409,3,1,6,1,5,5,3,4,0,4,8,3,3,3,5,5,3,4,3,0,4
410,2,1,1,1,3,4,2,3,0,0,5,3,1,3,3,3,3,4,3,0,4
411,3,2,3,1,3,5,3,3,0,0,8,3,3,3,3,3,3,4,3,0,4
412,3,3,6,1,5,5,3,5,0,4,8,3,3,3,5,4,3,2,3,0,4
413,3,1,1,1,3,4,3,3,0,4,8,3,1,3,4,3,3,4,3,0,4
414,3,1,4,6,4,5,3,4,0,3,8,3,1,3,5,4,3,2,3,0,4
415,3,3,6,1,4,5,3,4,0,0,8,3,3,3,5,4,3,3,3,0,4
416,3,1,5,1,3,5,3,3,0,3,8,3,3,3,3,3,3,4,3,0,4
417,3,1,4,1,4,4,3,3,0,4,8,3,1,3,3,3,3,3,1,0,4
418,3,1,5,1,3,3,3,3,0,0,8,3,1,3,2,3,3,4,2,0,4
419,3,1,4,1,3,5,3,3,0,2,8,3,1,3,5,3,3,4,3,0,4
420,4,4,6,1,4,5,4,3,0,0,8,3,3,3,5,3,3,4,3,0,4
421,3,1,5,1,4,5,3,4,0,3,8,3,3,3,4,4,3,3,3,0,4
422,3,1,1,1,3,4,3,3,0,0,8,3,2,3,5,3,2,4,1,0,4
423,3,1,6,1,4,5,3,4,0,3,8,3,3,3,4,4,3,4,3,0,4
424,3,1,2,1,4,4,3,3,0,4,8,3,2,3,4,3,3,4,3,0,4
425,3,1,1,1,3,5,4,3,0,4,8,3,1,3,4,3,3,4,2,0,4
426,3,4,6,1,4,5,3,4,0,3,8,3,3,3,4,4,2,4,3,0,4
427,3,1,3,1,3,5,3,3,0,0,8,3,1,3,5,3,3,3,3,0,4
428,3,1,6,1,4,5,3,4,0,0,8,3,2,3,5,4,3,4,3,0,4
429,3,2,6,1,4,5,3,3,0,3,8,3,1,3,3,4,3,3,3,0,4
430,3,1,5,1,3,5,3,3,0,0,8,3,1,3,3,3,3,4,3,0,4
431,3,1,1,1,3,5,3,3,3,0,8,0,0,0,4,3,3,3,1,0,4
432,3,1,5,1,3,5,3,3,0,0,7,3,1,3,5,3,3,4,3,0,4
433,3,1,1,1,4,5,3,3,0,3,8,3,3,3,5,3,3,3,3,0,4
434,3,3,5,1,4,5,4,3,0,0,8,0,0,0,4,3,3,4,3,0,4
435,3,3,6,5,4,5,3,4,0,3,8,3,2,3,5,4,3,2,3,0,4
436,3,1,1,1,2,4,3,3,0,0,8,3,1,3,3,3,3,4,3,0,4
437,3,1,1,1,3,5,3,4,0,0,8,3,1,3,4,3,3,4,3,0,4
438,3,1,2,1,3,5,3,3,3,4,8,3,1,4,3,4,3,4,2,0,4
439,2,2,1,1,3,5,3,3,4,0,8,3,1,3,4,4,3,4,3,0,4
440,3,4,6,5,5,5,3,5,0,4,8,3,3,3,5,5,3,4,3,0,4
441,3,1,5,1,3,3,3,3,0,0,8,0,0,0,3,2,3,4,3,0,4
442,3,1,1,1,3,5,3,3,0,4,8,3,1,3,3,3,3,4,2,0,4
443,3,3,1,1,5,5,3,4,0,4,8,3,3,3,5,4,3,4,3,0,4
444,3,1,6,1,4,5,4,4,0,3,8,3,1,3,5,4,3,4,3,0,4
445,3,1,1,1,3,5,3,3,3,4,8,3,1,3,2,3,3,4,3,0,4
446,3,1,5,3,3,5,3,4,0,4,5,3,3,3,5,4,3,3,3,0,4
447,3,1,1,1,4,5,3,4,0,3,8,3,3,3,4,4,3,3,3,0,4
448,3,1,1,1,3,5,3,3,0,4,8,3,1,3,3,3,3,4,1,0,4
449,3,1,5,1,3,5,4,3,0,0,8,3,1,3,5,3,3,4,3,0,4
450,3,1,1,1,3,4,3,3,0,0,8,2,1,2,5,4,3,4,1,0,4
451,3,4,5,1,4,5,3,3,0,3,8,3,1,3,3,4,2,3,3,0,4
452,3,1,5,1,5,5,3,4,0,0,8,3,3,3,5,3,3,3,3,0,4
453,3,1,1,1,4,5,3,4,0,0,8,3,2,3,5,4,3,4,3,0,4
454,3,1,5,1,3,5,3,3,0,0,8,3,1,3,3,3,3,4,3,0,4
455,3,1,5,1,3,5,3,3,0,3,8,3,1,3,2,3,3,4,3,0,4
456,3,1,1,1,3,5,3,3,0,0,8,2,1,2,2,3,3,4,3,0,4
457,3,4,4,1,4,5,3,3,0,4,7,3,3,3,5,4,2,3,3,0,4
458,3,1,1,1,3,5,4,3,3,4,8,3,1,3,2,4,3,4,3,0,4
459,3,1,2,1,3,5,3,3,0,3,8,3,1,3,3,4,3,3,3,0,4
460,3,1,6,1,4,5,3,4,0,0,8,3,3,3,5,3,3,3,3,0,4
461,4,1,5,4,4,5,4,4,3,0,8,3,2,3,5,4,3,4,3,0,4
462,3,1,3,4,3,5,3,3,2,1,8,3,1,3,4,3,3,3,3,0,4
463,3,1,2,1,3,4,3,3,0,4,8,3,1,3,2,3,2,3,3,0,4
464,3,1,3,1,4,5,3,3,0,0,8,0,0,0,3,3,2,4,3,0,4
465,3,1,1,1,4,5,3,4,0,3,8,3,3,3,5,4,3,4,3,0,4
466,4,4,6,1,3,5,4,3,2,1,8,3,1,3,3,3,3,4,3,0,4
467,3,1,2,1,3,5,3,3,0,4,8,3,1,3,5,4,3,4,3,0,4
468,3,1,1,1,4,5,3,4,0,4,8,3,2,3,5,4,3,3,3,0,4
469,3,1,6,1,4,5,3,4,0,0,8,3,2,3,5,4,3,3,3,0,4
470,3,3,6,4,4,5,3,4,0,0,8,3,2,3,3,4,3,3,3,0,4
471,3,1,1,1,4,5,3,3,0,4,8,3,2,3,3,3,3,4,3,0,4
472,3,4,6,1,4,5,3,3,0,0,8,3,2,3,5,3,3,4,3,0,4
473,3,4,6,1,5,5,3,4,0,5,8,3,2,3,5,4,3,3,3,0,4
474,3,3,6,1,4,5,3,4,0,0,8,3,2,3,5,5,3,4,3,0,4
475,3,1,6,1,3,5,3,3,0,0,8,3,1,3,3,3,3,4,3,0,4
476,3,4,6,1,4,5,3,3,0,3,8,3,3,3,5,4,2,4,3,0,4
477,3,3,1,1,4,5,3,5,0,4,8,3,3,3,5,5,3,4,3,0,4
478,3,4,6,1,5,5,3,4,0,4,8,3,2,3,5,4,3,4,3,0,4
479,3,1,3,1,2,5,3,3,3,0,8,3,1,3,3,3,3,4,3,0,4
480,3,4,6,1,5,5,3,4,0,4,8,3,3,3,5,4,3,3,3,0,4
481,3,4,6,1,5,5,3,4,0,4,8,3,3,3,5,5,3,3,3,0,4
482,3,1,5,1,3,5,3,4,0,4,6,2,1,2,5,5,3,4,3,0,4
483,3,1,6,1,5,5,3,3,0,0,8,3,1,3,5,3,3,4,3,0,4
484,3,1,5,1,3,5,4,3,0,0,8,3,1,3,4,4,3,3,3,0,4
485,3,1,5,1,3,5,3,4,0,4,8,3,1,3,4,4,3,4,3,0,4
486,3,1,5,1,3,5,3,3,0,0,8,3,2,3,3,3,3,4,3,0,4
487,3,3,5,1,4,5,3,3,0,3,8,3,1,3,4,3,3,3,3,0,4
488,2,1,4,1,3,4,2,3,0,4,5,2,1,3,3,3,3,4,1,0,4
489,3,3,6,1,4,5,4,3,0,0,8,3,1,3,3,4,3,4,3,0,4
490,3,2,1,1,4,5,3,3,0,4,8,3,3,3,3,3,3,4,3,0,4
491,3,1,4,3,3,4,3,3,3,3,8,3,1,3,3,2,3,4,3,0,4
492,3,1,1,1,4,5,3,4,0,0,8,3,2,3,4,3,3,3,3,0,4
493,3,1,4,2,3,4,3,3,0,2,8,3,1,3,3,3,3,4,3,0,4
494,3,1,1,1,2,4,3,3,0,0,8,3,1,3,4,3,3,4,3,0,4
495,3,1,3,1,3,4,3,3,2,0,8,0,0,0,3,3,3,4,1,0,4
496,3,1,6,1,4,5,3,4,0,4,8,3,2,3,5,4,3,3,3,0,4
497,3,1,3,1,3,5,4,3,4,0,8,3,1,3,5,3,3,4,1,0,4
498,3,1,5,1,3,5,3,3,3,0,8,3,3,3,5,4,3,4,3,0,4
499,3,1,4,2,3,5,3,3,1,0,8,3,3,3,2,3,3,3,3,0,4
500,3,1,4,1,3,5,3,3,0,0,8,3,1,3,3,3,3,4,3,0,4
501,3,1,6,1,4,5,3,4,0,0,8,3,2,3,4,4,3,4,3,0,4
502,3,1,5,6,3,5,3,3,4,0,8,2,1,2,5,3,3,4,3,0,4
503,3,1,5,1,3,5,3,3,2,3,8,3,3,3,3,3,3,3,3,0,4
504,3,1,5,3,3,5,3,3,0,2,8,3,1,3,3,3,3,4,3,0,4
505,3,1,1,1,3,5,3,3,0,0,8,3,1,3,4,3,3,4,1,0,4
506,3,1,6,1,4,5,3,4,0,3,8,3,2,3,5,4,3,3,3,0,4
507,3,1,6,1,4,5,3,4,0,0,8,3,3,3,5,4,3,3,3,0,4
508,3,1,3,1,3,5,5,3,0,4,8,3,1,3,5,4,3,4,1,0,4
509,3,1,5,1,3,5,3,3,3,0,8,3,2,3,5,3,3,4,3,0,4
510,3,1,4,3,3,5,3,4,0,3,7,3,1,3,5,3,3,4,3,0,4
511,3,1,1,1,4,5,3,4,0,4,8,3,2,3,5,4,3,3,3,0,4
512,3,1,4,2,3,5,3,3,0,0,8,3,1,3,3,3,3,4,3,0,4
513,3,1,5,1,3,5,4,3,0,0,8,3,1,3,3,3,3,4,3,0,4
514,3,1,1,1,3,5,3,3,3,0,8,1,1,1,2,3,3,4,3,0,4
515,3,1,6,1,5,5,3,5,0,4,8,3,3,3,5,5,3,4,3,0,4
516,3,1,1,1,3,5,3,3,4,3,8,3,2,3,3,3,3,3,3,0,4
517,3,1,1,1,4,5,3,4,0,3,8,3,2,3,5,4,3,3,3,0,4
518,3,2,6,1,4,5,3,3,3,0,8,3,2,3,5,3,3,3,3,0,4
519,3,1,1,1,4,5,3,4,3,4,8,3,1,3,5,4,3,4,3,0,4
520,0,0,0,0,0,4,3,3,0,0,8,0,0,0,3,3,3,4,1,0,4
521,3,1,3,1,3,4,3,3,0,4,8,3,1,3,5,3,3,3,3,0,4
522,3,1,5,1,3,5,4,3,0,4,8,3,1,3,5,3,3,4,3,0,4
523,3,4,6,1,5,5,3,5,0,4,8,3,3,3,5,5,3,3,3,0,4
524,3,1,6,1,4,5,3,4,0,3,8,3,3,3,5,4,3,3,3,0,4
525,3,1,1,1,4,5,3,4,0,3,8,3,1,3,5,4,3,4,3,0,4
526,3,1,3,1,4,5,3,3,0,0,8,3,1,3,3,3,3,4,3,0,4
527,3,3,6,1,5,5,3,5,0,4,8,3,3,3,5,5,3,3,3,0,4
528,3,2,5,1,3,5,3,3,0,0,8,0,0,0,5,3,3,3,1,0,4
529,3,1,3,1,3,5,3,4,0,3,4,3,2,3,3,3,3,3,3,0,4
530,3,3,6,1,4,5,3,4,0,2,8,3,2,3,5,4,3,4,3,0,4
531,2,2,1,1,2,5,3,3,0,0,8,2,3,3,5,3,3,3,3,0,4
532,0,0,0,0,0,5,3,3,0,1,5,3,1,3,5,3,3,4,3,0,4
533,0,0,0,0,0,3,2,2,0,0,8,0,0,0,2,2,2,4,1,0,4
534,4,3,1,1,5,5,3,4,0,4,8,3,3,3,5,4,3,3,3,0,4
535,3,4,6,1,4,5,3,3,0,0,8,0,0,0,3,3,3,4,1,0,4
536,3,3,1,1,4,5,3,3,0,0,8,3,3,3,5,4,3,3,3,0,4
537,3,1,4,1,3,5,3,3,1,0,8,3,1,3,3,3,3,3,3,0,4
538,3,1,4,1,3,5,3,3,0,2,8,3,1,3,3,3,3,3,3,0,4
539,3,3,6,1,4,5,3,4,3,3,8,3,2,3,5,4,3,4,3,0,4
540,3,3,6,1,5,5,3,5,0,4,8,3,3,3,5,5,3,4,3,0,4
541,3,1,1,1,4,5,3,4,0,3,8,3,3,3,5,4,3,4,3,0,4
542,3,1,2,6,5,5,3,4,0,3,4,3,3,3,5,4,3,4,3,0,4
543,3,3,6,2,4,5,3,3,0,0,8,3,3,3,5,3,3,4,3,0,4
544,4,3,6,1,4,5,3,4,0,4,8,3,2,3,5,4,3,3,3,0,4
545,4,1,6,2,4,5,4,4,0,0,8,3,1,3,4,4,3,3,3,0,4
546,3,1,3,1,4,4,3,3,0,4,8,3,1,3,5,3,3,3,3,0,4
547,3,3,5,1,4,5,4,3,0,0,8,3,1,3,5,3,3,4,3,0,4
548,3,1,2,3,3,5,4,3,3,0,8,3,2,3,3,3,3,3,3,0,4
549,3,1,1,1,4,5,3,4,0,4,8,3,3,3,5,4,3,4,3,0,4
550,3,1,5,1,4,5,3,3,0,0,8,3,2,3,3,3,3,4,3,0,4
551,3,1,3,1,3,4,3,3,0,0,8,3,3,3,4,3,3,4,3,0,4
552,3,3,1,1,5,5,3,4,0,4,8,3,2,3,5,4,3,3,3,0,4
553,0,0,0,0,0,5,3,3,3,0,8,3,3,3,5,4,3,4,1,0,4
554,3,1,6,1,4,5,3,4,0,4,8,3,2,3,5,4,3,4,3,0,4
555,2,1,1,1,3,4,3,3,0,4,8,3,1,3,3,3,3,4,3,0,4
556,3,1,3,1,3,4,3,3,1,3,8,3,3,3,3,3,3,3,3,0,4
557,3,1,3,1,3,5,3,3,0,0,8,3,1,3,4,3,2,4,3,0,4
558,3,4,6,1,4,5,3,3,0,3,8,3,1,3,5,3,3,2,3,0,4
559,3,4,1,1,4,5,3,4,0,3,8,3,3,3,5,4,3,4,3,0,4
560,3,1,5,1,4,5,3,3,0,4,5,3,1,3,3,3,3,3,3,0,4
561,3,3,5,2,4,5,3,3,0,3,8,3,2,3,4,3,2,4,3,0,4
562,3,1,4,1,3,5,3,3,0,4,8,0,0,0,5,3,3,4,3,0,4
563,3,2,1,1,4,5,3,3,0,4,8,3,3,3,5,3,3,4,1,0,4
564,3,1,6,1,4,5,3,4,0,3,8,3,2,3,5,4,3,3,3,0,4
565,3,1,1,1,4,3,3,3,0,0,8,3,1,3,3,2,3,4,3,0,4
566,4,1,1,1,4,5,3,4,0,4,8,3,3,3,5,5,3,3,3,0,4
567,3,1,6,1,4,5,3,4,0,0,8,3,2,3,5,4,3,3,3,0,4
568,3,4,6,1,4,5,3,4,0,4,6,3,3,4,5,4,2,3,3,0,4
569,3,4,6,1,4,5,3,3,0,3,8,3,1,3,3,3,3,3,3,0,4
570,3,1,2,1,3,5,3,3,0,0,8,3,1,3,3,3,3,3,3,0,4
571,3,1,4,1,3,5,3,3,0,0,8,3,1,3,5,4,3,4,3,0,4
572,3,3,1,1,5,5,3,3,0,0,8,3,2,3,4,4,3,3,3,0,4
573,3,1,1,1,4,5,3,3,0,3,8,3,2,3,5,3,3,3,3,0,4
574,3,3,5,1,3,5,3,3,2,0,8,3,1,3,3,3,3,4,3,0,4
575,3,1,3,1,3,5,3,3,0,0,8,3,1,3,3,3,3,4,3,0,4
576,3,1,1,1,3,5,3,3,0,4,8,3,1,3,4,3,3,4,3,0,4
577,3,3,2,5,3,5,3,3,0,2,8,3,2,3,5,3,3,3,3,0,4
578,3,1,1,1,4,5,3,4,0,0,8,3,1,3,5,4,3,4,3,0,4
579,3,1,1,1,3,3,3,3,0,0,8,3,1,2,5,3,3,4,3,0,4
580,3,1,4,3,3,5,3,3,0,4,8,3,1,3,5,4,3,3,3,0,4
581,3,1,1,1,5,5,3,5,0,4,8,3,2,3,5,5,3,4,3,0,4
582,3,3,6,1,4,5,4,3,0,0,8,0,0,0,3,3,3,4,3,0,4
583,3,1,1,1,3,5,5,5,0,4,8,3,1,4,4,4,3,4,3,0,4
584,3,1,1,1,3,5,3,3,0,0,8,3,1,3,5,4,3,4,3,0,4
585,3,4,6,1,5,5,3,4,0,4,8,3,2,3,5,4,3,4,3,0,4
586,4,2,3,5,3,5,4,3,1,0,8,3,3,3,5,2,3,4,1,0,4
587,3,3,5,1,3,5,3,3,0,0,8,3,1,3,3,3,3,3,3,0,4
588,3,4,6,1,3,5,3,3,0,4,8,3,1,3,5,5,1,3,3,0,4
589,3,1,1,1,3,4,3,3,0,0,8,3,1,3,3,3,3,4,2,0,4
590,3,1,6,1,4,5,3,4,0,0,8,3,2,3,5,4,3,4,3,0,4
591,3,4,6,1,5,5,3,5,0,4,8,3,2,3,5,5,3,3,3,0,4
592,4,1,6,1,3,5,4,3,0,0,8,3,3,3,5,3,3,4,3,0,4
593,3,3,6,1,4,5,3,4,0,0,8,3,3,3,5,4,3,4,3,0,4
594,3,1,1,1,4,5,3,3,3,0,8,3,1,3,3,3,3,3,3,0,4
595,3,4,6,1,4,5,3,4,0,3,8,3,3,3,5,4,3,3,3,0,4
596,3,1,1,1,3,4,3,3,0,0,8,2,1,3,5,3,3,4,1,0,4
597,3,3,1,1,5,5,3,4,0,4,8,3,3,3,5,4,3,4,3,0,4
598,3,2,5,2,4,5,3,3,0,3,8,3,3,3,5,4,3,4,3,0,4
599,3,1,2,6,4,5,4,3,4,3,8,3,3,3,3,3,3,4,3,0,4
600,3,3,6,1,4,5,3,4,0,4,8,3,3,3,5,5,3,4,3,0,4
601,3,1,1,1,3,5,4,3,0,4,8,3,1,3,3,4,3,4,2,0,4
602,3,2,6,1,4,5,3,4,0,3,8,3,3,3,5,4,3,3,3,0,4
603,3,1,1,1,4,5,3,4,0,0,8,3,2,3,5,4,3,4,3,0,4
604,3,2,6,1,4,5,3,4,0,3,8,3,2,3,5,4,3,3,3,0,4
605,3,1,4,1,3,5,3,3,0,2,8,3,1,3,3,3,3,4,3,0,4
606,3,1,6,1,4,5,4,3,4,0,8,3,1,3,4,4,2,2,3,0,4
607,4,1,6,1,3,5,4,3,0,0,8,3,1,3,5,5,2,4,3,0,4
608,3,2,4,1,4,5,3,3,0,4,8,3,1,3,3,3,2,4,3,0,4
609,3,2,3,1,3,5,2,3,0,0,8,3,1,3,4,3,3,4,3,0,4
610,3,2,6,1,5,5,3,4,0,5,8,3,3,3,5,5,3,4,3,0,4
611,3,3,5,1,4,5,3,3,3,3,8,3,1,3,3,3,3,3,3,0,4
612,3,3,6,1,4,5,3,4,0,3,8,3,2,3,5,5,3,4,3,0,4
613,3,1,5,1,4,5,3,3,0,0,8,0,0,0,5,3,3,4,3,0,4
614,3,3,2,6,4,5,3,3,0,0,8,0,0,0,5,3,3,4,3,0,4
615,3,4,6,1,3,5,4,3,3,0,8,3,2,3,5,4,3,4,3,0,4
616,3,1,6,1,4,5,3,4,0,4,8,3,3,3,5,4,3,3,3,0,4
617,3,1,1,1,3,5,3,3,0,0,8,3,1,3,4,4,2,4,3,0,4
618,3,3,6,1,5,5,3,5,0,4,8,3,1,3,5,4,3,4,3,0,4
619,3,4,6,1,4,5,3,4,0,4,8,3,3,3,5,4,3,4,3,0,4
620,3,1,4,1,3,3,3,3,0,0,8,0,0,0,3,3,3,4,1,0,4
621,3,1,5,3,3,5,3,3,0,3,8,3,2,3,3,3,3,4,3,0,4
622,3,1,4,1,3,5,3,3,0,0,8,3,1,3,3,3,3,4,3,0,4
623,3,1,6,1,4,5,3,4,0,3,8,3,1,3,5,4,3,4,3,0,4
624,3,1,3,1,3,5,3,3,0,3,6,3,2,3,4,3,3,4,3,0,4
625,3,1,1,1,3,5,3,3,0,0,8,3,1,3,3,3,3,3,3,0,4
626,3,1,1,1,3,5,3,3,2,3,7,3,2,3,3,3,3,3,3,0,4
627,3,3,4,2,3,5,3,3,0,4,8,3,2,3,5,3,3,4,3,0,4
628,3,3,3,1,4,5,3,3,0,3,8,3,1,3,3,2,1,3,3,0,4
629,3,4,6,3,3,5,3,3,4,0,8,3,2,3,3,3,3,4,3,0,4
630,2,1,1,1,2,4,3,3,3,0,8,1,1,2,3,5,3,4,1,0,4
631,4,2,6,1,4,5,3,4,0,4,8,3,2,3,5,4,3,4,3,0,4
632,3,1,5,1,3,5,4,3,0,3,8,3,3,3,3,3,3,4,3,0,4
633,3,1,4,2,3,5,3,3,0,0,8,3,1,3,3,3,3,4,3,0,4
634,3,1,6,1,3,5,3,3,4,0,8,3,1,3,4,3,3,4,3,0,4
635,2,1,2,1,3,4,3,2,0,0,8,0,0,0,5,2,3,4,1,0,4
636,2,1,1,1,3,4,2,2,0,1,4,0,0,0,2,2,3,4,1,0,4
637,3,1,1,1,3,4,3,3,0,0,8,3,1,3,3,4,3,4,3,0,4
638,3,1,1,1,2,4,3,3,3,0,8,0,0,0,4,3,3,4,2,0,4
639,4,3,6,1,4,5,3,4,0,4,8,3,3,3,5,5,3,4,3,0,4
640,3,4,6,1,5,5,3,5,0,4,8,3,2,3,5,5,3,3,3,0,4
641,3,1,6,1,4,5,3,4,0,3,8,3,3,3,5,4,3,4,3,0,4
642,3,4,6,1,4,5,3,4,3,3,8,3,3,3,4,5,3,4,3,0,4
643,3,1,3,4,3,5,3,3,2,0,7,3,3,3,5,3,3,4,3,0,4
644,3,2,6,1,5,5,3,5,0,4,8,3,3,3,5,5,3,4,3,0,4
645,3,1,5,2,3,5,3,3,0,0,8,3,1,3,3,3,3,3,3,0,4
646,0,0,0,0,0,5,3,3,0,0,7,3,1,3,4,3,3,4,3,0,4
647,3,2,3,1,3,5,3,3,0,4,8,3,2,3,5,3,3,3,3,0,4
648,3,1,1,1,3,5,3,3,0,3,8,3,1,3,3,3,3,4,3,0,4
649,3,3,4,6,4,5,3,3,3,0,8,0,0,0,4,3,3,4,3,0,4
650,3,1,1,1,4,5,3,4,0,0,8,3,2,3,5,4,3,4,3,0,4
651,3,2,1,1,3,5,3,3,3,4,8,1,1,2,3,3,3,4,2,0,4
652,3,1,1,1,4,5,3,4,0,3,8,3,2,3,5,4,3,4,3,0,4
653,3,1,1,1,3,5,3,3,3,0,8,3,1,3,5,3,3,4,3,0,4
654,3,4,6,1,4,5,4,4,0,3,8,3,3,3,5,4,3,3,3,0,4
655,3,1,1,1,3,5,3,3,0,0,8,3,1,3,3,3,3,4,3,0,4
656,3,1,5,1,3,5,3,4,3,0,8,3,2,3,5,4,3,3,3,0,4
657,3,1,1,1,4,5,2,3,3,4,8,3,2,3,3,3,2,4,2,0,4
658,3,1,1,1,3,5,3,3,0,4,8,3,1,3,3,3,3,4,3,0,4
659,3,1,4,1,3,5,4,3,3,0,8,3,3,3,5,3,3,4,3,0,4
660,3,1,1,1,4,5,3,3,0,3,8,3,2,3,3,3,3,4,3,0,4
661,4,1,6,3,4,5,3,4,0,3,8,3,2,3,5,4,3,2,3,0,4
662,2,1,1,1,2,5,3,3,0,3,3,3,2,3,4,3,3,4,3,0,4
663,3,3,4,3,4,5,3,3,3,0,8,3,2,3,3,3,3,4,3,0,4
664,3,2,6,1,5,5,3,4,0,5,8,3,3,3,5,5,3,2,3,0,4
665,3,1,1,1,4,5,3,4,0,3,8,3,2,3,5,4,3,3,3,0,4
666,3,1,2,3,4,5,4,3,0,1,2,3,1,3,3,3,3,3,3,0,4
667,3,1,6,1,4,5,3,3,0,2,8,3,2,3,5,4,3,4,3,0,4
668,3,1,3,1,3,5,3,3,0,3,6,3,1,3,4,3,2,4,3,0,4
669,3,1,1,1,2,5,3,3,0,4,8,2,1,3,5,2,3,4,3,0,4
670,3,1,6,1,4,5,3,4,0,0,8,3,3,3,5,4,3,4,3,0,4
671,3,1,4,1,3,5,4,3,0,0,8,3,1,3,3,3,3,4,3,0,4
672,3,1,5,1,4,5,3,4,0,3,8,3,2,3,3,3,3,3,3,0,4
673,3,1,6,1,3,5,3,3,0,3,8,3,3,3,5,4,3,4,3,0,4
674,3,1,3,1,3,5,3,3,0,4,8,3,2,3,3,3,3,4,3,0,4
675,3,1,5,1,3,5,3,3,0,3,8,3,1,3,3,3,3,4,3,0,4
676,2,1,1,1,3,5,3,3,0,0,6,2,1,2,2,3,3,4,1,0,4
677,3,1,1,1,3,5,3,4,0,0,8,2,1,2,5,4,3,4,1,0,4
678,3,2,1,1,5,5,3,4,0,4,8,3,3,3,5,4,3,3,3,0,4
679,3,1,3,1,3,5,3,3,0,0,8,3,1,3,3,3,3,3,3,0,4
680,3,1,4,4,4,5,3,3,0,3,8,3,2,3,3,3,3,4,3,0,4
681,3,1,3,1,3,5,3,3,0,0,8,3,1,3,5,3,3,2,3,0,4
682,3,2,6,1,4,5,3,3,0,4,8,3,1,3,5,4,3,4,3,0,4
683,3,3,6,1,4,5,3,4,0,3,8,3,3,3,5,4,3,3,3,0,4
684,3,1,1,1,4,5,3,4,0,0,8,3,3,3,4,3,3,2,3,0,4
685,3,2,6,2,4,5,3,4,0,3,7,3,3,3,4,4,3,3,3,0,4
686,3,1,1,1,4,5,3,4,0,0,8,3,3,3,5,4,3,4,3,0,4
687,3,1,6,1,4,5,3,4,0,0,8,3,1,3,5,4,3,2,3,0,4
688,3,3,6,1,4,5,3,4,0,4,8,3,2,3,5,4,3,4,3,0,4
689,3,3,5,1,4,5,3,4,0,4,8,3,2,3,5,4,3,3,3,0,4
690,3,4,6,1,4,5,3,4,0,3,8,3,2,3,5,4,3,4,3,0,4
691,3,4,6,1,5,5,3,5,0,5,8,3,3,3,5,5,3,3,3,0,4
692,3,4,6,1,4,5,3,4,0,4,8,3,2,3,5,4,2,3,3,0,4
693,3,1,1,1,3,5,3,3,0,0,8,3,1,3,5,3,1,4,3,0,4
694,3,1,1,1,3,5,2,3,3,0,8,3,1,3,3,3,3,4,3,0,4
695,4,1,6,2,4,5,3,3,0,3,8,3,1,3,4,4,3,3,3,0,4
696,3,1,2,1,3,5,3,3,0,0,8,3,1,3,4,3,3,4,3,0,4
697,4,2,2,5,5,4,3,3,0,0,8,3,1,3,2,3,3,3,3,0,4
698,3,1,6,4,3,5,4,3,3,4,8,3,1,3,5,3,3,4,3,0,4
699,3,2,6,1,4,5,3,4,0,0,8,3,2,3,5,4,3,2,3,0,4
700,3,4,6,1,5,5,3,4,0,4,8,3,3,3,5,4,3,4,3,0,4
701,3,1,1,1,3,5,3,3,0,0,8,3,1,3,3,3,3,4,3,0,4
702,4,1,1,1,5,5,3,5,0,4,8,3,3,3,5,5,3,3,3,0,4
703,3,1,1,1,4,5,4,3,3,1,8,3,1,3,4,4,3,4,1,0,4
704,3,3,6,1,4,5,3,4,0,0,8,3,2,3,5,4,3,4,3,0,4
705,0,0,0,0,0,5,2,2,0,0,5,0,0,0,2,2,3,4,1,0,4
706,3,4,6,1,4,5,3,3,0,3,8,3,1,3,3,4,1,2,3,0,4
707,3,1,6,1,4,5,3,4,0,4,8,3,3,3,5,4,3,4,3,0,4
708,3,3,1,1,4,5,3,4,0,4,8,3,3,3,5,4,3,3,3,0,4
709,3,1,1,1,3,5,3,3,3,0,8,3,1,3,3,3,3,3,3,0,4
710,3,1,1,1,3,5,3,4,0,0,3,0,0,0,4,3,3,3,1,0,4
711,3,2,1,1,3,5,3,3,0,0,8,3,2,3,4,3,2,4,1,0,4
712,3,2,6,1,4,5,3,4,0,4,8,3,3,3,4,4,3,3,3,0,4
713,3,3,5,1,3,5,3,3,0,0,8,3,1,3,3,3,3,4,3,0,4
714,3,1,6,1,3,5,3,4,0,0,8,3,2,3,5,4,3,3,3,0,4
715,3,1,1,1,4,5,3,3,3,3,8,3,2,3,3,3,3,4,3,0,4
716,3,1,1,1,3,5,4,3,0,0,8,3,1,3,5,3,3,4,2,0,4
717,3,1,4,1,4,5,3,3,3,2,8,3,1,3,4,4,3,4,3,0,4
718,3,4,6,1,4,5,3,4,0,3,8,3,2,3,5,4,3,4,3,0,4
719,3,4,5,1,4,5,3,3,0,1,8,3,1,3,3,3,3,3,3,0,4
720,3,4,6,1,4,5,3,4,0,3,8,3,2,3,3,4,2,3,3,0,4
721,3,3,6,1,4,5,3,4,0,0,8,3,2,3,5,4,3,4,3,0,4
722,3,1,5,1,3,5,4,3,0,0,8,3,1,3,5,3,3,4,3,0,4
723,3,1,1,1,3,5,3,3,0,0,8,3,1,3,5,3,3,4,3,0,4
724,3,1,6,1,5,5,3,5,0,4,8,3,3,3,5,5,3,3,3,0,4
725,3,1,5,4,3,5,3,3,0,0,8,3,1,3,3,4,3,4,3,0,4
726,3,1,6,1,4,5,4,4,0,4,8,3,3,3,5,4,3,3,3,0,4
727,3,3,6,1,4,5,3,4,0,0,8,3,2,3,5,4,3,4,3,0,4
728,3,1,1,1,3,5,3,3,0,0,8,3,1,3,3,3,3,4,3,0,4
729,3,1,4,1,3,4,3,3,0,0,8,3,1,3,3,3,3,4,3,0,4
730,3,1,6,1,4,5,3,4,0,3,8,3,2,3,5,4,3,3,3,0,4
731,3,3,6,1,5,5,3,4,0,4,8,3,3,3,5,4,3,3,3,0,4
732,3,3,5,1,4,5,3,4,0,3,8,3,3,3,5,4,3,3,3,0,4
733,3,1,4,1,3,5,3,3,2,3,8,3,2,3,5,3,3,4,3,0,4
734,3,1,1,1,3,5,3,3,0,0,8,3,1,3,3,3,3,3,3,0,4
735,3,2,3,1,4,5,3,3,0,3,8,3,1,3,2,3,3,4,1,0,4
736,0,0,0,0,0,3,3,3,0,0,8,3,1,3,4,3,3,4,3,0,4
737,3,1,1,1,4,5,3,4,0,4,8,3,3,3,5,4,3,3,3,0,4
738,4,4,6,1,4,5,3,3,0,0,8,0,0,0,3,3,3,4,3,0,4
739,3,1,1,1,4,5,3,4,0,0,8,3,2,3,5,4,3,3,3,0,4
740,2,1,1,1,2,5,4,3,4,0,8,4,1,3,5,3,3,4,3,0,4
741,3,2,6,1,3,5,4,3,4,0,8,3,1,3,4,4,3,3,3,0,4
742,3,1,1,1,4,5,3,3,4,0,8,3,1,3,5,3,3,4,3,0,4
743,3,3,5,1,4,5,3,3,0,3,6,3,2,3,5,3,3,3,3,0,4
744,3,1,6,1,4,5,3,4,0,3,8,3,2,3,4,4,3,3,3,0,4
745,4,1,6,5,3,5,4,5,0,3,8,3,3,3,5,4,3,3,3,0,4
746,3,1,6,1,4,5,3,4,0,3,8,3,3,3,5,4,3,3,3,0,4
747,2,1,1,1,3,5,3,4,0,4,8,3,1,3,3,4,3,3,1,0,4
748,3,1,6,1,4,5,3,4,0,3,8,3,3,3,5,4,3,3,3,0,4
749,0,0,0,0,0,3,3,3,0,0,5,3,1,3,3,3,3,4,1,0,4
750,2,1,1,1,3,5,3,3,0,0,6,0,0,0,4,3,3,4,1,0,4
751,3,1,1,1,4,5,3,4,0,0,8,3,3,3,5,4,3,4,3,0,4
752,3,4,6,1,4,5,4,3,0,0,8,3,2,3,5,4,3,3,3,0,4
753,3,2,1,1,4,5,3,4,0,4,8,3,2,3,4,5,3,4,3,0,4
754,3,1,6,2,3,5,3,3,0,0,8,3,2,3,4,4,3,4,3,0,4
755,3,1,6,1,4,5,3,3,0,0,8,3,1,3,4,3,3,4,3,0,4
756,3,3,6,1,4,5,3,4,0,0,8,3,2,3,5,4,3,3,3,0,4
757,3,2,3,1,3,5,3,3,4,3,8,3,3,3,3,3,3,3,3,0,4
758,3,1,5,1,4,5,3,3,0,0,8,3,1,3,4,3,3,4,3,0,4
759,3,3,2,5,4,5,3,4,0,3,8,3,2,3,5,4,3,3,3,0,4
760,3,1,3,1,3,5,3,3,0,0,8,5,1,5,5,3,3,4,3,0,4
761,3,2,2,1,3,5,3,3,0,0,7,3,1,3,3,2,3,4,3,0,4
762,3,2,6,1,4,5,3,3,0,0,8,3,1,3,5,4,3,4,3,0,4
763,3,2,6,1,4,5,3,4,0,4,8,3,2,3,5,4,3,4,3,0,4
764,4,3,2,6,4,5,4,4,0,4,8,3,3,3,5,5,3,3,3,0,4
765,3,1,1,1,4,5,3,4,0,4,8,3,3,3,5,5,3,3,3,0,4
766,3,1,6,1,4,5,3,3,3,3,8,3,1,3,3,3,3,4,3,0,4
767,3,2,5,1,4,5,3,3,0,0,5,3,1,3,5,3,3,3,3,0,4
768,3,1,6,1,4,5,3,4,0,4,8,3,3,3,5,4,3,4,3,0,4
769,3,4,5,1,4,5,3,5,0,4,5,3,3,3,5,5,2,2,3,0,4
770,3,3,6,1,4,5,3,3,0,0,8,3,1,3,3,3,3,3,3,0,4
771,2,1,2,1,2,3,3,3,0,0,8,3,1,3,3,3,3,4,3,0,4
772,3,3,5,4,3,5,3,3,3,3,8,3,1,3,3,3,3,4,3,0,4
773,3,1,3,1,3,4,3,3,0,0,8,3,2,3,5,3,3,4,3,0,4
774,3,3,1,1,4,5,3,4,0,4,8,3,3,3,4,4,3,4,3,0,4
775,3,1,6,1,5,5,3,3,0,0,8,3,3,3,5,3,3,4,3,0,4
776,3,3,6,1,4,5,3,4,0,0,8,3,2,3,5,4,3,3,3,0,4
777,3,1,5,1,3,5,3,3,3,2,8,3,1,3,3,3,3,3,3,0,4
778,0,0,0,0,0,5,3,3,0,3,8,3,1,3,3,3,3,4,3,0,4
779,3,4,6,1,4,5,3,3,0,0,8,3,1,3,3,3,3,4,3,0,4
780,4,1,1,1,4,5,3,3,0,3,8,3,3,3,4,3,3,4,3,0,4
781,3,1,5,1,4,5,4,4,0,0,8,3,2,3,5,4,3,4,3,0,4
782,3,1,1,1,4,5,3,4,0,0,8,3,2,3,5,4,3,2,3,0,4
783,3,3,6,1,4,5,4,3,0,3,8,3,3,3,5,4,3,3,3,0,4
784,3,1,1,1,3,5,3,3,0,4,8,0,0,0,5,3,3,4,3,0,4
785,3,1,3,2,3,5,3,3,0,4,8,3,1,3,3,3,3,4,3,0,4
786,3,1,2,1,2,5,4,3,0,0,8,3,1,3,3,3,3,4,3,0,4
787,3,1,6,1,4,5,3,4,0,0,8,3,2,3,5,4,3,3,3,0,4
788,3,1,1,1,3,5,3,3,0,0,8,3,1,2,5,3,3,4,3,0,4
789,2,4,2,1,3,5,3,3,0,0,8,3,3,3,4,4,3,3,3,0,4
790,3,1,6,1,4,5,3,4,0,4,8,3,3,3,5,4,3,4,3,0,4
791,3,3,5,1,4,5,3,3,0,3,8,3,2,3,3,3,3,3,3,0,4
792,3,3,6,1,4,5,3,4,0,3,8,3,1,3,5,3,3,3,3,0,4
793,3,3,1,1,4,5,3,4,0,0,8,3,3,3,5,4,3,4,3,0,4
794,3,1,1,1,4,5,3,4,0,3,8,3,3,3,5,4,3,3,3,0,4
795,3,1,1,1,4,5,3,3,3,3,8,3,1,3,3,3,3,4,3,0,4
796,3,1,1,1,3,5,3,3,3,3,8,3,2,3,5,3,3,4,3,0,4
797,3,1,4,1,3,5,3,3,0,0,8,3,1,3,4,3,3,4,3,0,4
798,3,1,1,1,5,5,3,5,0,4,8,3,3,3,5,5,3,4,3,0,4
799,3,1,5,1,4,5,3,3,3,3,8,3,1,3,5,4,3,4,3,0,4
800,3,4,6,1,4,5,3,3,0,0,8,3,2,3,4,4,2,3,3,0,4
801,3,1,2,1,3,4,3,3,0,0,8,3,1,3,5,3,3,4,3,0,4
802,3,3,6,1,4,5,3,4,0,4,8,3,3,3,5,4,3,4,3,0,4
803,3,4,1,1,5,5,3,5,0,4,8,3,2,3,5,5,3,4,3,0,4
804,3,1,2,1,3,5,3,3,2,0,7,3,1,3,3,3,3,4,3,0,4
805,3,1,1,1,4,5,3,4,0,0,8,3,2,3,5,5,3,3,3,0,4
806,3,3,5,3,3,5,3,3,0,0,8,3,3,3,4,3,3,4,3,0,4
807,3,4,6,1,3,5,3,3,0,3,8,3,2,3,5,4,3,4,3,0,4
808,3,3,5,4,3,5,3,3,2,4,8,3,2,3,3,3,3,4,3,0,4
809,3,1,1,1,3,4,3,3,3,0,8,1,1,2,3,3,3,4,1,0,4
810,3,1,5,2,3,5,3,3,4,2,8,3,2,3,2,4,3,4,3,2,4
811,3,4,6,1,4,5,3,4,0,4,8,3,3,3,5,4,3,4,3,0,4
812,3,3,1,1,3,4,3,2,0,0,8,3,1,3,3,2,2,4,1,0,4
813,3,1,3,1,3,5,3,3,0,0,8,3,2,3,4,3,3,4,3,0,4
814,3,1,1,1,3,5,3,3,0,0,8,3,1,3,4,2,3,4,2,0,4
815,3,1,1,1,4,5,3,3,0,0,8,3,2,3,5,4,3,2,3,0,4
816,3,1,4,1,3,5,3,3,0,4,8,3,2,3,4,3,3,3,3,0,4
817,3,1,6,1,4,5,3,4,0,4,8,3,2,3,5,4,3,3,3,0,4
818,3,3,6,1,3,5,3,3,3,0,8,3,1,3,4,3,3,4,3,0,4
819,3,2,6,1,4,5,3,4,0,4,8,3,2,3,5,4,3,3,3,0,4
820,3,1,1,1,4,5,3,4,0,0,8,3,2,3,5,4,3,3,3,0,4
821,3,1,1,1,2,5,3,2,0,0,6,3,1,3,3,3,2,4,3,0,4
822,3,4,1,1,4,5,3,4,0,4,8,3,3,3,5,4,3,3,3,0,4
823,3,1,1,1,3,5,3,3,2,4,8,3,1,3,3,3,3,4,3,0,4
824,4,1,1,1,4,5,3,4,0,4,8,3,2,3,5,4,3,4,3,0,4
825,3,3,6,1,5,5,3,5,0,4,8,3,3,3,5,5,3,4,3,0,4
826,3,1,5,1,3,5,3,3,0,0,8,0,0,0,4,4,3,4,3,0,4
827,3,1,6,1,4,5,3,4,0,3,8,3,2,3,5,4,3,3,3,0,4
828,4,4,2,5,3,5,3,3,0,0,6,3,3,3,3,3,1,2,3,0,4
829,3,1,1,1,4,5,3,4,0,0,8,3,2,3,5,4,3,4,3,0,4
830,3,1,3,1,3,4,3,3,0,4,8,3,2,3,3,3,3,3,3,0,4
831,3,1,1,1,4,5,3,3,0,0,8,3,2,3,5,4,3,4,3,0,4
832,3,1,6,1,4,5,3,4,0,3,8,3,2,3,5,4,3,3,3,0,4
833,3,1,3,4,3,5,3,3,0,0,8,3,2,3,3,3,3,4,3,0,4
834,3,1,3,1,3,5,3,3,2,0,8,3,1,3,4,3,3,4,3,0,4
835,3,1,4,1,4,5,3,3,0,0,6,3,1,3,3,4,3,4,3,0,4
836,3,1,3,1,3,5,3,3,2,0,6,3,1,3,4,3,3,4,3,0,4
837,3,1,4,1,3,5,3,3,0,0,8,3,1,3,3,3,3,4,3,0,4
838,3,1,1,1,4,5,3,3,0,0,8,3,1,3,5,4,3,4,3,0,4
839,3,1,4,1,3,5,3,3,0,0,8,3,1,3,5,3,3,4,3,0,4
840,3,1,4,1,3,5,3,3,0,0,8,3,1,3,3,2,3,3,2,0,4
841,3,1,1,1,3,5,3,3,0,1,8,3,1,4,4,4,3,4,2,0,4
842,3,4,3,5,3,5,3,3,4,0,8,4,2,4,3,3,3,4,3,0,4
843,3,1,1,1,3,5,3,3,0,0,8,0,0,0,5,3,3,4,3,0,4
844,3,2,1,1,3,5,3,3,0,4,8,3,1,3,4,3,3,3,3,0,4
845,3,4,5,1,4,5,3,3,0,3,6,3,3,3,3,3,3,3,3,0,4
846,3,1,5,1,4,5,3,4,0,3,8,3,1,3,5,4,3,4,3,0,4
847,3,3,4,1,3,5,3,3,0,2,8,3,1,3,5,3,3,3,3,0,4
848,3,1,1,1,3,5,3,3,0,4,8,3,1,2,3,3,3,2,3,0,4
849,3,1,1,1,3,5,4,4,0,3,8,3,2,3,5,3,3,4,3,0,4
850,3,3,6,1,4,5,3,4,0,0,8,3,3,3,5,4,3,4,3,0,4
851,3,4,1,1,4,5,3,4,0,3,8,3,3,3,5,4,3,4,3,0,4
852,3,1,3,1,3,5,4,3,3,4,8,3,1,3,4,3,3,4,3,0,4
853,3,4,3,1,3,5,4,3,3,2,8,3,2,3,3,3,3,3,3,0,4
854,3,2,5,3,3,5,3,3,0,4,8,3,1,3,3,3,3,4,3,0,4
855,3,1,5,1,3,5,4,3,0,0,8,3,1,3,5,3,3,3,3,0,4
856,4,4,6,2,4,5,3,3,3,0,8,2,1,3,3,3,2,3,3,0,4
857,3,1,1,1,4,5,3,3,0,3,8,3,3,3,4,3,3,4,3,0,4
858,3,1,1,1,4,5,3,3,3,3,8,3,2,3,3,3,3,4,3,0,4
859,3,2,4,1,3,5,3,3,0,4,8,3,1,3,3,4,3,3,3,0,4
860,3,1,1,1,3,5,3,4,4,4,8,3,1,3,4,4,3,4,3,0,4
861,3,2,4,1,3,5,3,3,0,0,8,3,1,3,5,3,3,4,3,0,4
862,3,1,6,1,4,5,3,3,4,0,8,3,1,3,3,3,3,4,3,0,4
863,3,1,4,1,3,5,3,3,4,0,8,3,1,3,3,3,3,4,3,0,4
864,3,1,1,1,5,5,3,4,0,0,8,3,3,3,5,4,3,4,3,0,4
865,3,1,4,1,3,5,3,3,3,0,8,3,1,3,3,3,3,3,3,0,4
866,3,3,1,1,4,5,3,4,0,4,8,3,2,3,5,4,3,3,3,0,4
867,3,1,5,1,3,5,3,3,0,0,8,3,2,3,3,2,3,4,3,0,4
868,0,0,0,0,0,5,3,3,0,3,8,3,1,3,4,3,3,2,2,0,4
869,3,1,6,1,4,5,3,4,4,3,8,3,3,3,5,4,3,4,3,0,4
870,3,1,1,1,3,5,3,3,0,0,8,3,1,3,4,3,3,4,3,0,4
871,3,1,6,1,4,5,3,3,0,0,8,3,2,3,5,4,3,4,3,0,4
872,3,3,1,1,3,5,3,4,2,0,8,3,1,3,4,4,3,4,3,0,4
873,3,1,3,1,3,5,3,4,0,4,8,3,1,3,4,3,3,4,3,0,4
874,3,1,1,1,3,5,3,3,0,0,8,3,1,3,5,3,3,4,3,0,4
875,3,3,6,1,4,5,3,4,0,4,8,3,3,3,5,5,3,4,3,0,4
876,3,4,5,1,3,5,3,3,0,0,8,3,1,3,4,3,2,4,3,0,4
877,3,1,6,1,5,5,3,4,0,4,8,3,3,3,5,5,3,4,3,0,4
878,3,3,5,1,3,5,3,3,3,0,6,3,1,3,3,4,3,3,3,0,4
879,3,1,5,1,3,5,4,4,2,0,8,3,1,3,5,3,3,3,3,0,4
880,4,1,5,1,5,5,3,3,0,0,8,3,3,3,4,3,3,4,3,0,4
881,3,2,2,1,4,5,4,4,0,3,8,3,2,3,5,4,3,3,3,0,4
882,3,1,1,1,4,5,3,3,3,3,8,3,2,3,4,3,3,3,3,0,4
883,2,1,1,1,3,5,3,4,0,0,8,4,1,3,3,3,3,4,3,0,4
884,3,1,4,1,3,5,3,3,2,0,8,3,2,3,3,3,3,4,3,0,4
885,3,3,6,1,5,5,3,4,0,3,8,3,3,3,5,4,3,3,3,0,4
886,3,1,2,1,3,5,3,3,0,0,8,3,3,3,5,3,3,4,3,0,4
887,3,1,1,1,3,5,4,3,0,0,8,3,1,3,3,3,3,3,3,0,4
888,4,4,5,3,3,5,4,4,0,3,8,3,1,3,5,4,2,3,3,0,4
889,3,1,4,1,3,5,3,3,0,3,8,3,2,3,5,3,3,4,3,0,4
890,3,2,1,1,3,5,4,3,3,1,8,3,1,3,5,3,3,4,3,0,4
891,3,1,2,3,3,5,3,3,0,3,8,3,2,3,4,3,3,4,3,0,4
892,3,1,6,1,3,5,3,3,3,0,8,3,2,3,3,3,3,4,3,0,4
893,3,2,4,1,4,5,3,3,4,4,8,3,1,3,3,3,3,4,3,0,4
894,0,0,0,0,0,5,3,3,0,0,8,3,1,3,3,3,3,4,3,0,4
895,3,1,4,1,3,5,3,3,0,3,8,3,2,3,3,3,3,4,3,0,4
896,3,1,5,1,3,5,3,3,0,0,8,3,1,3,5,3,3,4,3,0,4
897,0,0,0,0,0,5,3,3,0,0,8,3,1,3,3,3,3,4,3,0,4
898,3,4,6,1,5,5,3,5,0,4,8,3,3,3,5,5,3,3,3,0,4
899,3,1,4,1,3,5,3,3,0,3,8,3,1,3,3,3,3,4,3,0,4
900,3,1,5,1,3,5,3,3,0,0,8,3,1,3,3,3,3,3,3,0,4
901,3,2,4,1,3,5,4,3,0,0,8,3,1,3,3,3,3,3,3,0,4
902,3,1,1,1,4,5,3,4,0,4,8,3,3,3,5,4,3,4,3,0,4
903,3,1,1,1,4,5,3,4,0,4,8,3,2,3,5,4,3,3,3,0,4
904,3,1,6,1,3,5,3,3,3,0,8,3,1,3,3,3,3,3,3,0,4
905,3,1,3,2,3,5,3,3,3,0,8,3,2,3,3,3,3,4,3,0,4
906,3,1,6,1,4,5,3,4,0,4,8,3,2,3,5,4,3,3,3,0,4
907,3,1,3,1,4,5,3,4,0,4,8,3,3,2,4,4,3,3,3,0,4
908,3,3,4,5,4,5,3,3,3,0,8,3,1,3,3,3,2,3,3,0,4
909,3,1,1,1,4,5,3,4,0,4,8,3,3,3,5,4,3,2,3,0,4
910,3,1,3,1,3,4,3,3,0,0,8,3,1,3,3,3,3,4,3,0,4
911,4,3,5,1,4,5,3,3,0,0,8,3,1,3,3,4,2,3,3,0,4
912,3,1,3,1,3,5,3,3,3,0,7,3,1,3,3,3,3,4,3,0,4
913,3,1,4,1,3,4,3,3,0,0,8,3,1,3,3,3,3,4,3,0,4
914,3,3,6,1,4,5,3,4,0,0,8,3,2,3,5,4,3,4,3,0,4
915,3,1,1,1,3,5,3,3,0,0,8,3,1,3,2,3,3,4,3,0,4
916,3,3,4,1,3,4,3,3,0,0,8,3,1,3,3,3,3,4,3,0,4
917,3,1,5,1,3,4,3,3,0,0,8,3,2,3,5,3,3,4,3,0,4
918,3,2,4,6,5,5,3,4,4,3,8,3,2,3,5,4,3,3,3,0,4
919,3,1,5,4,4,5,3,5,0,3,7,3,1,3,5,3,3,3,3,0,4
920,4,1,6,1,4,5,4,4,0,0,8,3,2,3,5,4,3,3,3,0,4
921,3,1,5,1,3,5,3,3,4,0,8,0,0,0,4,3,3,4,1,0,4
922,3,1,6,1,4,5,3,4,0,4,8,3,3,3,5,4,3,4,3,0,4
923,3,1,2,6,4,5,3,4,0,2,8,3,2,3,5,4,3,4,3,0,4
924,3,1,4,2,4,5,4,3,0,3,8,3,1,3,3,3,3,4,3,0,4
925,3,3,5,2,4,5,3,3,0,0,8,3,2,3,3,5,3,3,3,0,4
926,3,1,1,1,4,5,3,4,0,4,8,3,3,3,5,5,3,4,3,0,4
927,3,1,4,1,3,5,3,3,4,4,8,3,2,3,4,3,3,4,3,0,4
928,3,3,1,1,4,5,3,4,0,3,8,3,2,3,5,5,3,4,3,0,4
929,3,1,1,1,4,5,3,3,0,3,8,3,3,3,4,4,3,3,3,0,4
930,3,3,6,1,4,5,3,4,0,0,8,3,3,3,5,4,3,3,3,0,4
931,3,1,4,3,3,5,3,3,2,0,8,3,1,3,5,3,3,4,3,0,4
932,4,1,1,1,5,5,3,5,0,4,8,3,3,3,5,5,3,3,3,0,4
933,3,3,6,1,4,5,3,4,0,0,8,3,2,3,5,4,3,4,3,0,4
934,3,4,6,1,4,5,3,3,0,4,8,3,2,3,5,4,2,2,3,0,4
935,3,2,1,1,2,5,4,3,0,0,8,3,1,3,4,3,3,3,3,0,4
936,3,1,6,1,4,5,3,4,0,0,8,3,2,3,5,4,3,4,3,0,4
937,3,2,6,1,4,5,3,4,0,4,8,3,2,3,5,4,3,4,3,0,4
938,4,2,6,1,4,5,3,4,0,0,8,3,2,3,5,4,3,4,3,0,4
939,3,2,1,1,3,5,4,3,0,3,8,3,1,3,5,3,3,4,3,0,4
940,3,4,3,2,3,5,3,3,0,0,8,3,1,3,3,3,3,3,3,0,4
941,3,1,5,1,4,5,3,4,4,3,8,3,2,3,5,4,3,3,3,0,4
942,3,4,6,1,4,5,3,3,0,0,8,0,0,0,3,3,3,3,1,0,4
943,3,3,1,1,3,5,3,3,0,0,8,3,1,3,3,3,3,4,2,0,4
944,3,1,6,3,3,4,3,3,0,4,8,3,2,3,4,4,3,3,3,0,2
945,3,1,2,1,3,5,3,3,1,0,8,3,1,3,3,3,3,4,3,0,4
946,3,3,5,4,3,5,4,3,0,3,8,3,2,3,3,3,3,4,3,0,4
947,3,3,6,1,4,5,3,4,0,4,8,3,3,3,5,4,3,4,3,0,4
948,3,0,1,1,4,5,3,4,0,3,8,3,2,3,5,4,3,3,3,0,4
949,3,1,5,1,3,5,3,3,0,3,8,3,2,3,3,4,3,4,3,0,4
950,3,1,5,4,3,5,3,3,0,0,8,3,2,3,4,4,3,4,3,0,4
951,3,1,4,1,3,5,3,3,3,0,8,3,1,3,4,3,3,4,3,0,4
952,3,3,6,1,4,5,4,3,3,0,8,3,3,3,4,3,3,4,3,0,4
953,3,3,5,2,3,5,3,3,3,1,6,3,2,3,5,3,2,3,3,0,4
954,4,4,6,1,4,5,3,3,0,0,8,0,0,0,3,3,3,3,3,0,4
955,3,1,3,1,4,3,3,3,0,0,8,3,1,3,3,3,3,3,3,0,4
956,3,1,5,1,4,5,3,3,4,3,8,3,3,3,3,3,3,4,3,0,4
957,3,1,3,1,3,5,3,3,0,0,8,3,3,3,3,3,3,4,3,0,4
958,3,2,6,1,4,5,3,4,0,0,8,3,2,3,5,4,3,4,3,0,4
959,3,1,5,1,4,5,3,4,0,0,8,3,1,3,5,4,3,4,3,0,4
960,3,4,4,1,3,5,4,3,0,0,8,0,0,0,4,3,3,3,3,0,4
961,4,1,5,1,4,5,4,3,0,3,8,3,3,3,3,3,3,3,3,0,4
962,3,1,5,1,4,5,3,3,0,3,8,3,1,3,3,4,3,4,3,0,4
963,3,1,1,1,5,5,3,4,0,0,8,3,3,3,5,5,3,3,3,0,4
964,3,1,6,1,4,5,3,4,0,4,8,3,3,3,5,4,3,4,3,0,4
965,3,1,1,1,4,5,3,4,0,4,8,3,3,3,5,4,3,4,3,0,4
966,2,1,3,1,3,5,4,4,0,3,6,3,1,3,5,3,3,3,3,0,4
967,3,1,5,1,3,5,3,3,0,0,8,3,1,3,3,3,3,3,3,0,4
968,3,1,1,1,3,5,3,3,2,0,8,0,0,0,2,3,3,4,3,0,4
969,3,4,5,1,3,5,2,3,0,0,8,3,2,3,3,3,3,4,3,0,4
970,3,1,1,1,3,4,3,3,0,0,8,0,0,0,3,3,3,4,3,0,4
971,3,1,6,1,4,5,3,4,0,0,8,3,2,3,5,4,3,4,3,0,4
972,3,1,1,1,4,5,3,3,0,3,8,3,1,3,3,3,3,4,3,0,4
973,3,1,1,1,4,5,3,4,0,0,8,3,3,3,5,4,3,4,3,0,4
974,3,1,1,1,4,5,4,3,4,0,8,3,1,3,3,4,3,3,3,0,4
975,3,1,6,1,4,5,3,4,0,0,8,3,1,3,5,4,3,4,3,0,4
976,3,1,1,1,4,4,3,3,0,0,8,0,0,0,3,2,3,3,3,0,4
977,3,1,6,1,4,5,3,4,0,0,8,3,3,3,5,4,3,3,3,0,4
978,3,1,2,1,3,5,3,3,0,0,8,3,1,3,5,3,2,4,3,0,4
979,3,1,3,1,3,5,3,3,3,0,8,3,1,3,3,3,3,4,3,0,4
980,3,3,5,1,3,5,3,5,0,0,8,3,2,3,4,5,3,3,3,0,4
981,3,1,6,1,4,5,3,4,0,3,8,3,3,3,5,4,3,3,3,0,4
982,3,3,1,1,4,5,3,4,0,4,8,3,3,3,5,4,3,4,3,0,4
983,3,2,1,1,4,5,3,4,0,4,8,3,1,3,5,4,3,4,3,0,4
984,0,0,0,0,0,5,3,3,0,0,8,3,1,3,3,4,3,4,3,0,4
985,3,1,5,1,3,5,3,3,0,0,8,3,1,3,3,3,3,4,3,0,4
986,2,1,1,1,3,5,4,3,0,0,8,3,1,2,4,4,3,4,3,0,4
987,3,3,6,1,5,5,3,5,0,4,8,3,3,3,5,5,3,3,3,0,4
988,3,1,2,1,3,5,3,3,0,3,8,3,3,3,3,4,3,3,3,0,4
989,4,1,1,1,4,5,3,4,0,0,8,3,2,3,5,4,3,4,3,0,4
990,3,1,6,1,4,5,3,4,0,3,8,3,3,3,5,4,3,4,3,0,4
991,3,1,4,1,3,5,4,4,0,4,8,3,1,3,4,4,3,4,2,0,4
992,3,4,4,3,3,5,3,3,1,2,8,3,2,3,4,4,2,4,3,0,4
993,3,1,1,1,4,5,3,3,0,0,8,3,2,3,5,4,3,4,3,0,4
994,3,4,6,1,5,5,3,5,0,4,8,3,3,3,5,5,3,4,3,0,4
995,3,1,5,1,3,5,3,3,3,0,8,3,1,3,3,3,2,3,3,0,4
996,3,1,3,1,3,5,3,3,0,0,8,3,1,3,3,3,3,3,3,0,4
997,3,1,1,1,3,5,3,3,0,3,8,3,2,3,3,3,3,3,3,0,4
998,2,1,1,1,3,5,3,3,0,4,8,2,1,3,2,3,3,4,2,0,4
999,3,3,6,1,4,5,3,4,0,0,8,3,2,3,5,4,3,4,3,0,4
1000,0,0,0,0,0,3,3,3,0,0,7,2,1,3,2,2,3,4,3,0,4
1001,3,1,1,1,2,4,3,3,0,0,8,3,1,2,5,5,3,4,1,0,4
1002,3,1,6,1,4,5,3,4,0,4,8,3,2,3,5,4,3,3,3,0,4
1003,3,1,1,1,3,5,3,3,0,0,8,3,1,3,2,3,3,3,3,0,4
1004,3,1,6,1,4,5,3,4,0,4,8,3,3,3,5,4,3,4,3,0,4
1005,4,3,6,1,4,5,3,4,0,0,8,3,1,3,3,3,3,4,3,0,4
1006,3,1,2,1,4,5,3,3,0,3,8,3,1,3,4,3,3,1,3,0,4
1007,3,1,4,2,3,5,3,3,0,0,8,3,2,3,3,3,3,4,3,0,4
1008,3,2,1,1,5,5,3,4,0,4,8,3,3,3,5,4,3,3,3,0,4
1009,3,1,1,1,3,5,2,3,0,0,8,0,0,0,5,3,3,4,2,0,4
1010,3,1,1,1,3,5,3,3,0,4,8,3,1,3,3,3,3,4,3,0,4
1011,0,0,0,0,0,5,3,3,0,0,8,0,0,0,3,3,3,4,3,0,4
1012,2,1,1,1,3,5,4,3,0,3,8,3,1,3,3,4,3,4,3,0,4
1013,3,1,5,3,3,5,3,3,0,0,3,3,1,3,3,3,3,4,3,0,4
1014,2,1,4,1,3,5,3,3,0,4,8,3,1,3,3,3,3,4,3,0,4
1015,3,1,6,1,4,5,3,4,0,0,8,3,3,3,5,4,3,4,3,0,4
1016,3,4,6,1,4,5,3,4,0,3,8,3,3,3,5,4,3,4,3,0,4
1017,3,3,6,1,4,5,3,4,0,5,8,3,2,3,4,4,3,3,3,0,4
1018,3,1,1,1,4,5,3,4,0,3,8,3,2,3,4,4,3,3,3,0,4
1019,3,4,6,1,4,5,3,4,0,4,8,3,3,3,5,4,3,4,3,0,4
1020,3,1,6,1,4,5,3,3,0,0,8,3,3,3,5,4,3,4,3,0,4
1021,3,3,6,1,4,5,3,4,0,0,8,3,2,3,5,4,3,4,3,0,4
1022,3,1,2,1,3,4,3,3,0,0,8,2,1,2,4,3,3,4,3,0,4
1023,4,1,6,1,4,5,3,4,0,4,8,3,3,3,5,4,3,4,3,0,4
1024,3,3,5,2,4,5,3,4,0,4,8,3,3,3,3,4,3,3,3,0,4
1025,3,1,2,3,3,5,3,3,3,0,8,3,1,3,3,3,3,4,3,0,4
1026,3,1,3,1,3,5,3,3,0,4,8,3,1,3,3,3,3,4,3,0,4
1027,3,4,6,1,4,5,3,4,0,4,8,3,2,3,5,4,3,3,3,0,4
1028,3,1,3,4,3,5,3,3,0,4,8,3,1,3,3,3,3,4,3,0,4
1029,3,1,4,1,3,5,3,3,0,0,8,3,1,3,4,3,3,4,3,0,4
1030,3,2,1,1,3,5,3,3,0,0,8,0,0,0,4,3,3,4,1,0,4
1031,3,1,6,1,3,5,3,3,0,3,8,3,3,3,5,3,3,4,3,0,4
1032,4,1,6,1,4,5,4,4,0,3,8,3,2,3,5,4,3,3,3,0,4
1033,3,1,6,1,4,5,3,4,0,0,8,3,1,3,5,4,3,4,3,0,4
1034,2,1,1,1,2,5,4,3,3,4,8,3,1,2,5,2,3,4,3,0,4
1035,0,0,0,0,0,5,4,3,0,0,8,3,1,3,5,3,3,3,1,0,4
1036,3,4,6,1,5,5,3,4,0,5,8,3,3,3,5,5,3,3,3,0,4
1037,3,1,1,1,4,5,3,4,0,3,8,3,3,3,5,4,3,4,3,0,4
1038,3,1,1,1,3,5,3,3,0,3,8,0,0,0,3,3,3,4,3,0,4
1039,3,3,6,1,4,5,3,3,0,0,8,3,1,3,3,3,3,4,3,0,4
1040,3,1,3,4,3,5,3,3,4,3,4,3,2,3,5,3,3,4,3,0,4
1041,3,1,6,3,3,5,3,3,0,0,8,3,1,3,4,4,3,4,3,0,4
1042,3,3,5,1,4,5,3,4,0,4,8,3,2,3,5,4,3,3,3,0,4
1043,3,1,6,1,4,5,3,3,0,5,8,3,1,3,5,4,3,4,3,0,4
1044,3,1,5,1,4,5,3,4,3,4,8,3,3,3,3,4,3,4,3,0,4
1045,0,0,0,0,0,4,3,3,0,4,6,3,1,3,5,3,3,3,3,0,4
1046,3,3,6,1,5,5,3,4,0,4,8,3,3,3,5,5,3,3,3,0,4
1047,3,1,6,1,4,5,3,3,0,0,8,3,1,3,5,3,3,2,3,0,4
1048,0,0,0,0,0,5,2,3,4,3,7,3,1,3,3,3,3,4,3,0,4
1049,0,0,0,0,0,5,3,3,0,0,8,3,1,3,5,4,3,4,3,0,4
1050,3,3,1,1,4,5,3,4,0,0,8,3,3,3,5,4,3,3,3,0,4
1051,3,3,1,1,4,5,3,4,0,4,8,3,3,3,5,4,3,3,3,0,4
1052,3,1,3,1,3,5,3,3,4,3,8,3,2,3,3,3,3,4,3,0,4
1053,3,3,3,1,3,4,3,3,0,4,6,3,1,3,5,3,2,4,3,0,4
1054,3,2,6,1,4,5,3,4,0,4,8,3,3,3,5,4,3,4,3,0,4
1055,3,1,5,1,4,5,3,3,3,3,8,3,3,3,3,3,3,4,3,0,4
1056,3,3,6,1,4,5,3,4,0,4,8,3,2,3,5,4,3,3,3,0,4
1057,3,1,6,1,4,5,3,4,0,4,8,3,3,3,5,4,3,2,3,0,4
1058,3,3,6,1,5,5,3,5,0,4,8,3,3,3,5,5,3,3,3,0,4
1059,3,2,3,2,3,5,3,3,0,4,8,2,1,3,3,3,2,3,3,0,4
1060,3,2,6,1,4,5,3,4,0,0,8,3,3,3,5,4,3,4,3,0,4
1061,3,1,1,1,3,5,3,2,0,0,8,3,2,3,3,3,3,4,3,0,4
1062,3,1,1,1,3,5,3,3,0,0,6,3,1,3,3,3,3,4,3,0,4
1063,3,1,4,1,3,5,4,3,3,4,8,3,1,3,4,4,3,4,3,0,4
1064,3,2,4,3,3,5,3,3,3,1,8,3,2,3,5,3,3,3,3,0,4
1065,3,4,6,1,5,5,3,4,0,0,8,3,2,3,5,4,2,4,3,0,4
1066,3,1,1,1,4,5,3,4,0,3,8,3,2,3,4,3,3,3,3,0,4
1067,3,4,6,2,3,5,3,3,0,0,8,3,2,3,3,3,2,4,3,0,4
1068,3,1,5,1,4,5,3,3,4,4,4,3,3,3,4,3,3,4,3,0,4
1069,3,1,5,1,3,5,3,3,0,0,8,3,1,3,3,4,3,4,3,0,4
1070,3,1,4,1,3,5,3,3,0,0,8,3,1,3,3,3,3,4,3,0,4
1071,3,1,3,1,3,5,3,3,0,0,8,3,1,3,5,3,3,4,3,0,4
1072,2,2,1,1,2,4,3,3,0,3,8,3,1,3,2,3,3,4,2,0,4
1073,3,1,4,1,3,5,3,3,3,0,8,3,3,3,3,3,3,3,3,0,4
1074,3,3,1,1,4,5,3,4,0,0,8,3,2,3,5,4,3,4,3,0,4
1075,3,1,4,1,3,5,3,3,0,4,8,3,1,3,3,3,3,4,3,0,4
1076,3,1,5,1,2,5,3,3,0,3,7,3,1,3,4,4,3,4,3,0,4
1077,3,2,4,3,3,5,3,3,0,0,8,3,3,3,5,3,3,3,3,0,4
1078,3,2,6,1,4,5,3,4,0,4,8,3,2,3,5,4,3,4,3,0,4
1079,3,1,6,1,4,5,3,3,0,0,8,3,1,3,4,3,3,4,3,0,4
1080,3,1,5,1,3,5,4,4,0,0,8,3,2,3,5,4,3,4,3,0,4
1081,3,1,5,1,3,5,3,3,3,0,8,3,3,3,2,3,3,4,3,0,4
1082,3,1,1,1,4,5,3,4,0,4,8,3,2,3,5,4,3,4,3,0,4
1083,3,1,4,1,3,5,3,3,3,4,8,3,2,3,3,3,3,4,3,0,4
1084,3,1,5,1,4,5,3,3,0,3,8,3,3,3,4,3,3,2,3,0,4
1085,3,3,6,1,4,5,3,3,0,0,8,3,1,3,5,4,3,4,3,0,4
1086,3,1,4,1,3,5,3,3,0,0,8,3,2,3,3,3,3,4,3,0,4
1087,3,2,1,1,4,5,3,4,0,4,8,3,2,3,5,4,3,4,3,0,4
1088,3,1,1,1,4,5,3,4,0,0,4,3,1,3,5,4,3,4,3,0,4
1089,3,1,6,1,4,5,3,4,0,4,8,3,3,3,5,4,3,3,3,0,4
1090,0,0,0,0,0,4,3,3,0,0,8,3,1,3,2,3,3,4,3,0,4
1091,3,1,4,1,4,5,3,4,0,0,8,3,1,3,5,4,3,4,3,0,4
1092,3,1,3,1,3,5,3,3,0,4,8,3,1,3,2,3,3,4,3,0,4
1093,3,2,6,1,3,5,3,3,3,0,8,3,1,3,4,4,3,4,3,0,4
1094,3,1,4,3,3,5,3,3,0,0,8,3,3,3,5,3,3,4,3,0,4
1095,3,1,6,1,4,5,3,4,0,4,8,3,2,3,4,4,3,3,3,0,4
1096,3,1,1,1,3,5,3,3,0,0,8,0,0,0,3,4,3,4,3,0,4
1097,3,1,1,1,4,5,3,4,0,0,8,3,2,3,5,4,3,4,3,0,4
1098,3,1,4,1,3,5,3,3,0,0,8,3,1,3,3,3,3,4,3,0,4
1099,3,1,5,1,4,5,3,3,0,3,8,3,2,3,3,3,3,3,3,0,4
1100,2,1,3,1,3,3,3,3,0,0,8,3,1,3,3,2,3,4,1,0,4
1101,3,1,4,2,3,5,3,3,0,0,8,3,1,3,3,3,3,3,3,0,4
1102,3,1,3,1,3,5,3,3,1,0,8,3,2,3,5,3,3,4,3,0,4
1103,3,2,5,1,3,5,3,3,0,2,8,3,3,3,5,3,3,4,3,0,4
1104,3,1,1,1,3,5,3,3,0,0,8,3,1,3,3,3,3,4,3,0,4
1105,3,3,6,1,5,5,3,4,0,3,8,3,2,3,5,4,3,3,3,0,4
1106,3,2,6,1,4,5,3,4,0,3,8,3,3,3,4,4,3,3,3,0,4
1107,4,1,1,1,5,5,3,4,0,4,8,3,2,3,5,4,3,1,3,0,4
1108,3,1,1,1,4,5,3,3,0,3,8,3,2,3,5,3,3,4,3,0,4
1109,3,2,6,1,5,5,3,4,0,4,8,3,3,3,5,4,3,3,3,0,4
1110,3,1,6,1,4,5,3,3,0,3,8,3,3,3,4,3,3,4,3,0,4
1111,3,1,5,1,3,5,3,3,0,4,8,3,2,3,3,3,3,4,3,0,4
1112,3,1,6,1,3,4,3,3,0,0,8,3,1,3,3,3,3,3,3,0,4
1113,3,1,4,1,3,5,3,3,0,0,8,3,1,3,4,4,3,4,3,0,4
1114,3,1,3,1,3,5,4,3,3,0,8,3,1,3,5,4,3,4,3,0,4
1115,3,1,6,1,5,5,3,4,0,4,8,3,2,3,5,5,3,4,3,0,4
1116,3,1,6,1,4,5,3,4,0,3,8,3,3,3,5,4,3,4,3,0,4
1117,3,1,4,1,3,5,3,3,0,0,8,3,2,3,5,4,3,3,3,0,4
1118,3,1,1,1,3,5,4,3,0,0,6,3,2,3,3,3,3,4,3,0,4
1119,3,1,2,1,3,4,3,3,2,0,8,3,2,3,3,3,3,4,3,0,4
1120,3,1,1,1,3,4,3,3,3,4,8,3,1,3,3,3,2,4,3,0,4
1121,3,3,6,1,4,5,3,4,0,0,8,3,2,3,5,4,3,4,3,0,4
1122,3,1,1,1,3,4,3,3,3,0,8,3,1,3,5,3,3,3,3,0,4
1123,3,1,1,1,3,5,5,3,0,0,8,0,0,0,5,3,3,4,3,0,4
1124,3,1,1,1,4,5,3,3,0,3,8,3,3,3,4,4,3,3,3,0,4
1125,3,1,1,1,3,5,3,3,0,3,8,2,1,2,3,2,3,4,3,0,4
1126,3,1,1,1,4,5,3,4,0,3,8,3,3,3,5,4,3,4,3,0,4
1127,3,3,6,1,4,5,3,4,0,4,8,3,3,3,5,4,3,1,3,0,4
1128,3,3,1,1,4,5,3,4,0,4,8,3,3,3,5,4,3,3,3,0,4
1129,3,4,6,1,4,5,3,3,0,0,8,3,1,3,3,3,3,4,3,0,4
1130,3,1,4,1,3,5,3,3,3,3,6,3,1,3,3,4,3,4,3,0,4
1131,3,2,4,1,4,5,3,3,3,0,8,0,0,0,3,3,3,4,3,0,4
1132,3,2,1,1,3,5,3,3,0,0,8,3,1,2,3,2,3,4,1,0,4
1133,3,1,6,1,4,5,3,4,0,3,8,3,2,3,5,4,3,3,3,0,4
1134,3,3,1,1,4,5,3,3,0,3,8,3,3,3,4,3,3,3,3,0,4
1135,3,1,1,1,3,5,3,3,0,4,8,3,1,3,3,3,3,4,3,0,4
1136,3,1,4,1,3,4,3,3,0,0,8,3,1,3,3,3,3,4,3,0,4
1137,3,1,1,1,3,5,4,3,0,0,8,0,0,0,4,3,3,4,1,0,4
1138,3,4,5,1,3,5,3,3,0,3,8,3,2,3,3,4,2,3,3,0,4
1139,3,1,4,1,3,5,2,3,0,4,4,3,1,3,3,3,3,3,3,0,4
1140,3,2,5,1,3,5,3,3,0,0,8,3,1,3,3,3,3,4,3,0,4
1141,3,1,5,1,3,5,4,3,0,3,8,3,1,3,5,4,3,3,3,0,4
1142,3,4,6,1,5,5,3,4,0,3,8,3,2,3,5,4,3,4,3,0,4
1143,3,1,6,1,3,5,3,3,0,0,8,0,0,0,3,3,3,4,3,0,4
1144,3,1,4,1,4,4,2,3,3,0,8,3,1,3,2,2,3,4,3,0,4
1145,3,1,1,1,3,5,3,3,0,4,8,3,1,3,5,3,3,4,3,0,4
1146,3,1,6,1,4,5,3,4,0,3,8,3,1,3,3,4,3,4,3,0,4
1147,3,1,3,1,3,5,3,3,0,4,8,3,1,3,5,2,3,4,3,0,4
1148,3,1,1,1,3,5,3,3,0,4,8,3,1,3,3,3,3,4,3,0,4
1149,3,1,5,1,3,5,4,3,0,0,8,3,1,3,5,3,3,4,3,0,4
1150,3,1,1,1,3,4,3,3,4,4,8,3,1,3,5,4,3,3,3,0,4
1151,3,1,4,1,3,5,3,3,0,4,8,3,3,3,3,2,3,4,3,0,4
1152,3,1,5,6,3,5,3,3,0,4,8,3,3,3,5,5,3,3,3,0,4
1153,3,3,5,1,3,5,4,4,0,0,8,3,1,3,5,3,3,4,3,0,4
1154,3,4,5,1,3,5,3,3,4,4,8,3,1,3,3,4,3,3,3,0,4
1155,3,4,5,1,4,5,4,4,0,2,8,3,2,3,3,4,3,3,3,0,4
1156,3,4,5,1,3,5,4,3,3,4,8,3,2,3,4,4,3,4,3,0,4
1157,3,1,6,1,4,5,3,4,0,4,8,3,2,3,5,4,3,3,3,0,4
1158,3,1,1,1,4,5,3,4,0,0,8,3,2,3,5,4,3,4,3,0,4
1159,3,1,5,1,3,5,3,4,0,3,8,3,2,4,3,4,3,4,3,0,4
1160,3,1,5,1,4,5,3,3,0,3,8,3,1,3,2,3,3,4,3,0,4
1161,3,1,4,1,3,5,3,4,0,4,8,3,1,3,5,4,3,3,3,0,4
1162,3,1,4,1,4,5,3,3,0,1,8,3,3,3,4,3,3,4,3,0,4
1163,3,3,6,1,4,5,3,3,0,0,8,3,1,2,3,3,3,4,3,0,4
1164,3,4,5,3,4,5,3,3,0,3,8,3,1,3,5,4,3,3,3,0,4
1165,3,1,1,1,4,5,3,4,0,0,8,3,2,3,5,4,3,3,3,0,4
1166,3,3,1,1,4,5,3,4,0,0,8,3,2,3,5,4,3,3,3,0,4
1167,3,1,6,1,4,5,3,3,0,3,8,3,3,3,5,3,3,3,3,0,4
1168,3,1,3,1,3,5,3,3,0,3,8,3,1,3,5,4,3,4,3,0,4
1169,3,4,6,1,5,5,4,4,0,3,8,3,3,3,5,4,3,3,3,0,4
1170,3,3,5,1,3,5,3,3,4,1,8,3,3,3,3,3,3,4,3,4,4
1171,3,1,5,1,3,5,3,3,0,3,8,3,2,3,5,3,3,4,3,0,4
1172,3,1,1,1,4,5,3,4,0,0,8,3,3,3,5,4,3,3,3,0,4
1173,3,1,3,4,3,5,3,3,3,4,4,0,0,0,3,5,3,3,3,0,4
1174,3,1,3,1,4,5,3,3,0,4,8,3,1,3,3,3,3,3,3,0,4
1175,3,1,6,1,4,5,3,4,0,3,8,3,3,3,5,4,3,4,3,0,4
1176,3,1,5,1,3,5,3,3,3,0,8,3,1,3,3,3,3,3,3,0,4
1177,3,1,3,1,3,5,3,3,0,0,8,3,1,3,3,3,3,4,1,0,4
1178,3,1,1,1,3,5,3,3,0,4,8,3,1,2,5,3,3,3,3,0,4
1179,0,0,0,0,0,5,3,3,0,4,6,0,0,0,4,3,3,4,1,0,4
1180,3,1,2,1,4,5,3,3,4,0,8,3,3,3,5,3,3,2,3,0,4
1181,3,4,6,1,5,5,3,5,0,4,8,3,3,3,5,4,2,3,3,0,4
1182,3,3,6,1,5,5,3,4,3,3,8,3,3,3,5,5,3,3,3,5,4
1183,3,1,3,1,3,5,3,3,0,4,8,3,1,3,5,3,3,4,3,0,4
1184,3,4,3,1,3,5,3,3,0,3,8,3,2,3,4,3,2,4,3,0,4
1185,3,1,4,1,3,5,4,3,0,0,8,3,1,3,4,3,3,4,3,0,4
1186,3,2,4,1,2,5,3,3,0,0,8,2,1,2,3,3,2,3,3,0,4
1187,3,1,6,1,4,5,3,4,4,2,8,3,2,3,5,4,3,4,3,0,4
1188,3,1,1,1,4,5,3,4,0,0,8,3,2,3,5,4,3,3,3,0,4
1189,3,1,1,1,3,5,3,3,0,3,8,3,3,3,4,4,3,4,3,0,4
1190,3,3,4,1,3,5,4,3,0,3,8,3,3,3,5,3,2,4,3,0,4
1191,3,1,1,1,4,5,3,4,0,0,8,3,1,3,5,4,3,4,3,0,4
1192,3,2,1,1,3,5,3,3,2,0,8,2,1,3,4,4,3,4,2,0,4
1193,3,1,6,1,5,5,3,3,0,0,8,3,3,3,5,3,3,4,3,0,4
1194,3,1,5,1,3,5,3,3,3,0,8,3,3,3,3,3,3,4,3,0,4
1195,3,1,1,1,4,5,3,3,0,0,8,3,3,3,5,4,3,3,3,0,4
1196,3,3,1,1,4,5,3,4,0,4,8,3,3,3,5,4,3,3,3,0,4
1197,3,1,1,1,3,5,3,3,0,4,8,3,1,3,5,3,3,3,3,0,4
1198,3,1,1,1,4,5,3,4,0,0,8,3,2,3,5,4,3,4,3,0,4
1199,3,1,3,1,3,5,3,3,0,1,8,3,1,3,4,3,3,4,3,0,4
1200,3,1,1,1,3,5,3,3,0,0,8,3,1,3,4,3,3,4,3,0,4
1201,3,3,1,1,4,5,3,3,0,0,8,3,2,3,5,4,3,4,3,0,4
1202,3,1,1,1,3,5,3,3,0,2,8,3,1,3,5,3,3,4,1,0,4
1203,3,1,1,1,4,5,3,4,0,3,8,3,1,3,5,4,3,4,3,0,4
1204,3,1,5,1,4,5,3,3,3,0,8,3,2,3,5,3,3,4,3,0,4
1205,3,2,5,4,4,5,3,4,0,3,8,3,2,3,4,4,3,3,3,0,4
1206,3,1,3,1,3,5,3,3,3,0,8,3,1,3,3,3,3,4,3,0,4
1207,3,3,6,1,4,5,3,4,0,0,8,3,2,3,5,4,3,4,3,0,4
1208,3,1,3,4,3,5,4,3,0,0,8,3,1,3,3,3,3,4,3,0,4
1209,3,2,6,1,5,5,3,4,0,4,8,3,2,3,5,4,3,3,3,0,4
1210,3,1,1,1,4,5,3,4,4,3,8,3,2,3,5,4,3,4,3,0,4
1211,3,3,6,1,4,5,3,4,0,0,8,3,2,3,4,3,2,3,3,0,4
1212,3,1,3,1,3,5,3,3,0,0,8,3,1,3,3,3,3,4,1,0,4
1213,4,3,6,1,3,5,4,3,0,0,8,3,1,3,5,3,3,3,3,0,4
1214,3,3,4,1,3,5,3,3,0,0,8,3,1,3,3,3,3,3,3,0,4
1215,3,1,3,2,3,5,3,3,3,0,8,3,2,3,3,3,3,3,3,0,4
1216,0,0,0,0,0,5,3,3,0,0,8,3,1,3,3,3,3,4,3,0,4
1217,3,2,6,1,4,5,3,4,0,0,8,3,2,3,5,4,3,4,3,0,4
1218,0,0,0,0,0,5,3,3,0,0,8,0,0,0,4,3,3,4,1,0,4
1219,3,1,1,1,3,5,3,3,0,0,8,0,0,0,3,3,3,4,1,0,4
1220,3,1,3,2,3,5,3,3,0,0,8,3,1,3,3,3,3,3,3,0,4
1221,3,1,4,2,3,5,3,3,0,3,8,3,1,3,5,3,3,4,3,0,4
1222,3,2,3,1,3,5,3,3,2,4,8,3,1,3,5,3,3,4,3,0,4
1223,2,1,2,1,3,4,3,3,3,0,5,3,1,3,3,3,3,4,3,0,4
1224,3,3,6,1,4,5,3,4,0,4,8,3,3,3,5,4,3,3,3,0,4
1225,3,3,6,1,3,5,4,3,1,0,8,3,2,3,5,3,3,4,3,0,4
1226,3,2,1,1,4,5,3,4,0,4,8,3,3,3,5,4,3,3,3,0,4
1227,3,1,5,1,3,5,3,3,0,0,8,3,1,3,5,4,3,4,3,0,4
1228,3,1,6,1,5,5,3,5,0,4,8,3,3,3,5,5,3,4,3,0,4
1229,3,1,5,1,3,5,3,3,2,0,4,3,1,3,4,3,3,4,3,0,4
1230,3,1,6,3,4,5,3,3,0,3,8,3,2,3,5,3,3,3,1,0,4
1231,3,3,5,1,3,5,3,3,2,0,8,3,1,3,3,3,3,4,3,0,4
1232,0,0,0,0,0,5,3,3,0,0,8,3,1,3,3,3,3,4,3,0,4
1233,3,1,3,1,3,5,3,3,3,0,8,3,2,3,2,3,3,3,3,0,4
1234,3,3,1,1,3,4,3,3,0,0,8,0,0,0,3,3,3,4,1,0,4
1235,3,2,1,1,4,3,3,3,0,0,8,2,1,2,4,3,3,4,1,0,4
1236,3,1,1,1,4,5,3,4,0,0,8,3,2,3,5,4,3,4,3,0,4
1237,3,1,1,1,4,5,3,4,0,4,8,3,3,3,5,4,3,2,3,0,4
1238,3,1,1,1,4,5,3,4,0,0,8,3,1,3,5,3,3,4,3,0,4
1239,3,3,6,1,4,5,3,4,0,4,8,3,2,3,5,5,3,3,3,0,4
1240,3,1,6,1,4,5,3,4,0,0,8,3,2,3,5,4,3,4,3,0,4
1241,3,3,1,1,4,5,3,4,0,0,8,3,2,3,5,4,3,4,3,0,4
1242,3,4,6,2,4,5,3,3,3,3,8,3,2,3,3,4,3,4,3,0,4
1243,4,4,6,1,5,5,3,5,0,4,8,3,3,3,5,5,3,4,3,0,4
1244,3,1,1,1,4,5,3,3,0,4,8,3,1,3,2,4,2,3,3,0,4
1245,3,1,1,1,4,5,3,3,0,3,8,3,3,3,5,3,3,4,3,0,4
1246,3,1,1,1,4,5,3,4,0,0,8,3,2,3,5,4,3,4,3,0,4
1247,3,3,6,1,3,5,3,3,0,0,8,3,1,3,3,3,3,3,3,0,4
1248,3,1,3,1,4,5,3,3,0,4,8,2,1,2,2,3,3,4,2,0,4
1249,3,1,4,3,3,5,3,3,0,0,8,3,1,3,3,3,3,4,3,0,4
1250,3,1,5,1,3,5,3,4,0,3,8,3,3,3,5,5,3,4,3,0,4
1251,3,1,1,1,4,5,3,4,0,4,8,3,2,3,5,4,3,3,3,0,4
1252,3,1,4,1,3,5,3,3,2,0,8,3,2,3,3,3,3,4,3,0,4
1253,3,4,2,5,3,5,3,4,3,4,8,3,2,3,3,4,3,3,3,0,4
1254,3,1,1,1,4,5,3,4,0,4,8,3,3,3,5,4,3,4,3,0,4
1255,2,1,2,1,3,4,3,3,0,4,8,3,1,3,3,3,3,4,3,0,4
1256,3,4,6,1,4,5,3,4,0,3,8,3,3,3,5,4,3,3,3,0,4
1257,3,1,1,1,2,5,3,3,0,0,8,0,0,0,5,3,3,4,3,0,4
1258,3,4,6,1,4,5,3,4,0,0,8,3,3,3,5,4,3,3,3,0,4
1259,3,1,5,2,4,5,3,3,0,0,8,3,1,3,4,3,3,4,3,0,4
1260,3,1,1,1,4,5,3,3,0,3,8,3,3,3,5,3,3,1,3,0,4
1261,3,1,3,1,3,5,3,3,0,0,8,3,1,3,4,3,3,4,3,0,4
1262,3,3,1,1,3,4,3,3,0,3,6,3,1,3,5,3,3,4,3,0,4
1263,3,1,1,1,3,4,3,3,4,4,8,3,1,3,5,3,3,4,1,0,4
1264,3,1,6,1,4,5,3,4,0,0,8,3,3,3,5,4,3,4,3,0,4
1265,3,1,6,1,4,5,3,4,0,0,8,3,1,3,5,4,3,4,3,0,4
1266,3,1,1,1,3,3,3,2,3,4,8,3,1,3,3,3,3,3,1,0,4
1267,3,4,1,1,5,5,3,5,0,4,8,3,3,3,5,5,3,3,3,0,4
1268,3,2,3,1,3,5,4,3,2,4,8,3,1,3,5,4,2,3,3,0,4
1269,3,1,4,1,3,4,3,3,2,0,8,3,1,3,3,3,3,4,3,0,4
1270,3,4,6,1,4,5,3,4,0,3,8,3,3,3,3,4,1,4,3,0,4
1271,3,1,1,1,3,5,3,3,0,4,8,3,2,3,4,4,3,3,3,0,4
1272,3,1,4,2,3,5,3,3,3,0,8,3,1,3,3,3,3,3,3,0,4
1273,3,3,5,1,3,5,3,3,4,4,8,3,2,3,4,5,3,3,3,0,4
1274,3,1,1,1,3,5,3,3,0,4,8,3,1,3,5,3,3,4,3,0,4
1275,3,1,3,1,3,4,3,3,0,0,8,2,1,3,4,3,3,4,3,0,4
1276,4,1,4,1,3,5,3,3,0,3,8,3,1,3,3,3,3,3,3,0,4
1277,3,3,5,1,4,5,3,3,0,4,8,3,2,3,2,3,3,3,3,0,4
1278,3,1,6,1,4,5,3,4,0,4,8,3,2,3,5,4,3,4,3,0,4
1279,3,1,1,1,3,4,4,3,0,0,8,3,2,3,3,3,3,4,3,0,4
1280,3,1,6,1,4,5,3,4,0,0,8,3,2,3,5,4,3,3,3,0,4
1281,3,1,5,1,4,5,3,3,0,3,8,4,3,4,3,3,3,3,3,0,4
1282,3,2,2,3,4,5,3,3,0,0,8,3,1,3,3,4,3,3,3,0,4
1283,3,3,1,1,3,5,3,3,0,0,8,0,0,0,3,3,3,4,3,0,4
1284,3,1,1,1,3,5,3,3,0,4,6,3,1,3,5,4,3,4,3,0,4
1285,3,1,1,1,3,3,2,3,0,4,8,3,1,3,5,3,3,4,3,0,4
1286,3,1,5,3,3,5,3,3,0,4,8,3,1,3,3,3,3,4,3,0,4
1287,3,3,3,1,3,5,4,3,0,0,8,3,1,3,2,3,2,3,1,0,4
1288,3,1,6,1,4,5,3,4,0,5,8,3,3,3,5,5,3,3,3,0,4
1289,3,2,1,1,4,5,3,4,0,4,8,3,3,3,5,5,3,3,3,0,4
1290,3,3,6,1,3,5,3,3,0,4,8,3,2,3,3,3,3,3,3,0,4
1291,3,1,5,1,3,5,3,3,0,0,8,3,1,3,3,3,3,4,3,0,4
1292,3,1,1,1,3,5,3,3,0,0,6,3,2,3,3,3,3,4,3,0,4
1293,3,1,6,1,4,5,3,3,2,3,8,3,2,3,3,3,3,4,3,0,4
1294,3,1,3,1,3,5,3,3,0,0,8,3,1,3,3,3,3,4,1,0,4
1295,3,3,4,1,3,5,3,3,2,0,8,3,2,3,4,3,3,4,3,0,4
1296,3,2,5,1,3,5,4,3,3,0,8,3,2,3,4,3,3,4,3,0,4
1297,3,4,6,1,4,5,3,3,0,0,8,3,3,3,4,3,3,4,3,0,4
1298,3,4,6,1,5,5,3,5,0,4,8,3,3,3,5,5,3,1,3,4,4
1299,3,1,2,3,3,5,3,3,4,0,8,3,2,3,5,4,3,4,3,0,4
1300,3,1,6,1,4,5,3,4,0,3,8,3,3,3,5,4,3,3,3,0,4
1301,3,1,4,1,3,5,3,3,0,4,8,3,1,3,2,4,3,3,2,0,4
1302,3,1,6,1,4,5,3,4,0,3,8,3,2,3,5,4,3,4,3,0,4
1303,3,3,1,1,4,5,3,4,0,0,8,3,2,3,5,4,3,4,3,0,4
1304,3,1,1,1,4,5,3,4,0,0,4,3,1,3,5,4,3,4,3,0,4
1305,3,1,6,1,5,5,3,4,0,5,8,3,3,3,5,5,3,3,3,0,4
1306,3,1,1,1,4,5,3,4,0,4,8,3,2,3,5,4,3,3,3,0,4
1307,4,1,5,1,4,5,4,3,0,0,8,3,1,3,5,3,3,4,3,0,4
1308,3,1,6,5,3,5,3,3,2,0,8,3,1,3,5,4,3,4,3,0,4
1309,3,1,6,1,4,5,3,3,2,0,8,3,2,3,4,4,3,4,3,0,4
1310,3,3,6,1,4,5,4,4,0,3,8,3,3,3,3,5,3,4,3,0,4
1311,3,1,6,1,4,5,3,4,0,0,8,3,2,3,5,4,3,4,3,0,4
1312,3,1,6,1,5,5,3,4,0,5,8,4,2,4,5,4,3,3,3,0,4
1313,3,1,1,1,4,5,3,4,0,3,8,3,3,3,5,4,3,3,3,0,4
1314,3,1,3,1,3,5,3,3,0,3,8,3,1,3,5,3,3,4,3,0,4
1315,3,2,5,2,2,5,3,3,0,4,8,3,1,3,3,3,3,4,3,0,4
1316,3,4,1,1,5,5,3,4,0,4,8,3,2,3,5,5,3,3,3,0,4
1317,4,1,1,1,5,5,3,4,0,4,8,3,2,3,5,4,3,4,3,0,4
1318,3,4,1,1,4,5,3,4,0,3,8,3,2,3,5,4,3,2,3,0,4
1319,3,1,5,1,3,5,3,3,0,0,8,3,1,3,5,3,3,4,3,0,4
1320,3,1,5,3,3,5,3,3,0,4,8,3,2,3,4,3,3,4,3,0,4
1321,0,0,0,0,0,5,3,3,0,0,8,2,1,3,3,3,3,3,3,0,4
1322,3,1,6,1,4,5,3,4,0,3,8,3,2,3,5,4,3,3,3,0,4
1323,3,1,2,1,3,5,3,2,0,0,8,0,0,0,4,2,3,4,3,0,4
1324,3,3,1,1,5,5,3,4,0,4,8,3,2,3,5,4,3,4,3,0,4
1325,2,1,1,1,3,5,3,3,3,0,8,0,0,0,2,3,3,4,1,0,4
1326,3,1,3,1,3,5,3,3,0,0,8,0,0,0,5,4,2,4,3,0,4
1327,3,1,5,1,3,5,4,4,3,5,8,3,1,3,5,4,3,4,3,0,4
1328,3,1,2,1,4,5,4,4,3,3,5,3,1,2,5,3,3,4,3,0,4
1329,3,1,1,1,4,5,3,3,0,3,8,3,3,3,4,3,3,3,3,0,4
1330,4,3,1,1,4,5,3,4,0,4,8,3,2,3,5,4,3,4,3,0,4
1331,3,3,5,1,3,5,3,3,0,0,8,3,1,3,4,3,3,3,3,0,4
1332,3,2,5,1,3,5,3,3,0,4,8,2,1,2,5,3,2,4,3,0,4
1333,3,1,1,1,3,5,3,3,3,0,8,3,1,3,5,4,3,4,3,0,4
1334,3,1,2,1,3,5,3,3,0,0,7,3,1,3,3,3,3,4,3,0,4
1335,3,1,5,1,4,5,3,3,0,3,8,3,2,3,3,3,3,4,3,0,4
1336,3,1,1,1,3,5,3,3,0,0,8,3,1,3,3,3,3,3,3,0,4
1337,3,1,1,1,3,4,3,3,0,0,8,0,0,0,2,2,2,3,1,0,4
1338,3,1,6,1,4,5,3,4,0,0,8,3,2,3,5,4,3,3,3,0,4
1339,3,2,3,1,3,5,4,3,0,0,8,3,2,3,5,3,3,3,3,0,4
1340,3,1,1,1,3,5,3,3,2,0,8,3,1,3,3,3,3,4,3,0,4
1341,3,1,6,1,4,5,3,3,0,0,8,3,1,3,5,4,3,4,3,0,4
1342,3,1,1,1,4,5,3,4,0,4,8,3,2,3,5,4,3,4,3,0,4
1343,3,1,1,1,3,5,3,3,0,3,8,2,1,2,4,3,3,4,3,0,4
1344,3,1,1,1,4,5,3,4,0,3,8,3,3,3,5,4,3,3,3,0,4
1345,3,1,5,1,3,4,3,3,0,0,8,3,1,3,4,2,3,4,3,0,4
1346,3,1,4,3,3,5,3,3,0,4,8,3,2,4,3,3,3,2,3,0,4
1347,3,4,6,1,5,5,3,4,0,4,8,3,3,3,5,4,3,3,3,0,4
1348,3,4,6,1,4,5,3,4,0,2,8,3,2,3,5,4,3,1,3,0,4
1349,2,1,2,1,3,5,4,3,0,0,8,0,0,0,2,3,3,4,3,0,4
1350,3,1,2,1,3,5,3,3,0,0,8,3,1,3,3,3,3,4,3,0,4
1351,3,1,3,1,3,5,3,3,0,4,8,3,3,3,5,3,3,3,3,0,4
1352,3,1,1,1,3,5,3,4,0,0,8,3,1,3,3,3,3,4,1,0,4
1353,3,3,6,1,4,5,3,4,0,5,8,3,3,3,5,4,3,3,3,0,4
1354,3,1,6,1,4,5,3,4,0,3,8,3,2,3,5,4,3,3,3,0,4
1355,3,1,1,1,3,5,3,3,4,3,8,3,2,3,4,4,3,3,3,0,4
1356,3,1,3,1,3,5,3,3,2,0,8,3,2,3,3,3,3,4,3,0,4
1357,3,1,6,1,3,5,3,3,0,2,8,3,3,3,5,3,3,3,3,0,4
1358,3,1,6,1,4,5,3,4,0,0,8,3,1,3,5,4,3,4,3,0,4
1359,3,3,6,1,5,5,3,4,0,4,8,3,3,3,5,5,3,4,3,0,4
1360,2,1,1,1,3,5,3,3,0,0,8,3,2,3,5,3,3,4,3,0,4
1361,3,3,5,1,5,5,3,4,0,4,8,3,3,3,5,4,2,3,3,0,4
1362,2,1,1,1,3,5,4,3,0,4,8,3,1,3,4,3,3,3,3,0,4
1363,3,1,1,1,4,5,3,3,0,4,8,3,3,3,5,4,3,3,3,0,4
1364,3,1,1,1,4,5,3,4,0,0,8,3,2,3,5,4,3,4,3,0,4
1365,3,1,6,1,4,5,3,4,0,0,8,3,2,3,5,4,3,4,3,0,4
1366,3,1,6,1,4,5,3,4,0,0,8,3,2,3,5,4,3,3,3,0,4
1367,3,1,5,3,3,5,3,3,0,3,8,3,2,3,5,3,3,4,3,0,4
1368,3,3,6,1,4,5,3,4,0,0,8,3,3,3,5,4,3,4,3,0,4
1369,3,3,4,6,4,5,3,4,0,3,8,3,3,3,5,4,3,2,3,0,4
1370,3,1,5,3,3,5,3,2,0,0,8,3,3,3,5,3,3,4,3,0,4
1371,3,3,4,1,3,5,3,3,3,3,8,3,2,3,4,4,3,4,3,0,4
1372,3,3,6,1,4,5,3,3,0,3,8,3,2,3,5,4,3,4,3,0,4
1373,3,4,6,1,5,5,3,5,0,4,8,3,2,3,5,5,3,4,3,0,4
1374,3,1,1,1,4,5,3,4,0,4,8,3,3,3,5,4,3,4,3,0,4
1375,3,4,1,1,4,5,3,4,0,4,8,3,3,3,5,4,3,3,3,0,4
1376,3,2,3,1,4,5,3,3,0,0,8,3,1,2,3,3,3,4,3,0,4
1377,3,1,2,4,3,5,3,3,0,0,6,3,1,3,5,3,3,4,3,0,4
1378,2,1,4,1,3,5,3,3,0,0,8,3,1,3,3,3,3,4,3,0,4
1379,3,1,1,1,4,0,3,3,0,0,8,3,3,3,4,4,3,4,3,0,4
1380,2,1,3,1,3,3,2,3,0,0,8,2,1,3,3,3,3,4,3,0,4
1381,3,2,4,1,3,5,3,3,0,4,8,3,3,3,5,3,3,3,3,0,4
1382,3,1,1,1,2,5,3,3,0,0,8,3,1,3,5,4,3,4,1,0,4
1383,3,1,1,1,3,5,4,3,0,0,8,3,1,3,5,4,3,4,1,0,4
1384,3,2,3,1,3,5,3,3,3,0,8,3,1,3,3,3,3,4,2,0,4
1385,3,1,4,1,3,5,4,3,3,0,8,3,1,3,4,4,3,4,1,0,4
1386,3,1,4,2,4,5,3,3,3,3,8,3,2,3,3,4,3,3,3,2,4
1387,3,1,3,2,3,5,4,3,2,4,8,3,1,3,3,4,3,4,3,0,4
1388,3,4,6,1,5,5,3,5,0,4,8,3,3,3,5,5,3,3,3,0,4
1389,4,1,5,1,3,5,4,3,0,4,8,3,1,3,5,3,3,4,3,0,4
1390,3,3,6,1,4,5,3,4,0,0,8,3,2,3,5,4,3,4,3,0,4
1391,3,1,1,1,3,5,3,3,0,0,5,3,1,3,3,3,3,4,3,0,4
1392,3,3,5,1,3,5,3,3,1,1,8,3,2,3,3,3,3,4,3,0,4
1393,3,1,1,1,2,5,3,3,0,3,8,3,1,4,5,3,3,4,3,0,4
1394,3,3,6,1,4,5,3,4,0,4,8,3,3,3,5,4,3,4,3,0,4
1395,4,4,1,1,4,5,3,4,0,4,8,3,3,3,5,4,3,3,3,0,4
1396,3,3,4,3,3,5,3,3,0,3,7,3,1,3,3,3,1,3,1,0,4
1397,3,2,1,1,3,5,3,3,0,0,8,2,1,2,5,3,3,4,1,0,4
1398,3,1,3,4,3,4,3,3,4,0,7,3,1,3,4,3,3,4,3,0,4
1399,3,1,4,1,3,5,3,3,3,4,8,3,1,2,5,4,3,4,3,0,4
1400,3,1,1,1,3,5,3,3,0,4,8,3,2,3,3,3,3,4,3,0,4
1401,3,1,6,1,3,5,3,3,0,3,8,3,3,3,5,3,3,3,3,0,4
1402,4,3,1,1,4,5,3,4,0,4,8,3,2,3,5,4,3,4,3,0,4
1403,3,4,6,1,4,5,3,4,0,0,8,3,1,3,5,4,3,3,3,0,4
1404,3,1,1,1,3,5,3,3,3,0,8,3,1,3,3,3,3,4,3,0,4
1405,3,4,6,1,5,5,3,4,0,4,8,3,3,3,5,4,2,3,3,0,4
1406,3,3,6,1,4,5,3,3,3,0,8,3,1,3,3,3,3,4,3,0,4
1407,3,1,5,1,3,5,3,3,3,0,8,0,0,0,5,3,3,3,3,0,4
1408,3,1,1,1,2,5,3,3,0,0,8,3,1,3,4,3,3,4,3,0,4
1409,3,1,1,1,4,5,4,3,3,3,8,3,3,3,4,3,3,3,3,0,4
1410,3,1,6,1,4,5,3,4,0,0,8,3,2,3,5,4,3,4,3,0,4
1411,3,1,4,1,3,5,4,3,3,0,6,3,1,3,5,3,3,4,3,0,4
1412,0,0,0,0,0,3,3,3,0,0,8,3,1,3,2,3,3,4,3,0,4
1413,4,1,6,1,4,5,3,4,0,4,8,3,3,3,5,4,3,3,3,0,4
1414,3,1,1,1,3,5,3,3,0,4,8,3,1,3,4,4,3,4,1,0,4
1415,3,1,5,1,4,5,3,4,0,3,8,3,2,3,5,4,3,4,3,0,4
1416,3,1,1,1,3,5,3,3,0,0,8,3,1,3,4,3,3,4,1,0,4
1417,3,2,6,1,4,5,3,4,0,3,8,3,3,3,5,4,3,3,3,0,4
1418,3,1,4,3,3,5,3,3,0,0,8,3,1,3,3,3,3,4,3,0,4
1419,3,3,3,1,3,5,4,4,0,3,8,3,2,3,4,4,3,3,3,0,4
1420,3,1,5,1,3,5,3,3,0,3,8,3,2,3,4,3,3,4,3,0,4
1421,3,1,5,1,4,5,3,3,0,2,8,3,2,3,3,3,3,4,3,0,4
1422,3,3,6,1,4,5,3,4,0,0,8,3,3,3,5,4,3,4,3,0,4
1423,3,3,1,1,4,5,4,4,4,4,8,4,1,4,3,4,3,3,3,4,4
1424,3,1,5,3,3,5,3,3,2,3,7,3,1,3,3,3,3,4,3,0,4
1425,3,1,1,1,3,5,3,4,0,0,8,3,1,3,5,4,3,3,3,0,4
1426,3,1,6,1,4,5,3,4,0,3,8,3,2,3,5,4,3,3,3,0,4
1427,3,1,4,1,3,4,3,3,0,3,8,3,1,3,3,3,3,4,3,0,4
1428,3,1,4,1,3,5,4,3,3,4,8,3,1,3,3,4,3,4,3,0,4
1429,3,1,4,1,4,5,4,4,0,3,8,3,3,3,5,4,3,3,3,0,4
1430,4,3,1,1,4,5,3,4,0,4,8,3,3,3,5,3,3,1,3,0,4
1431,3,1,2,1,4,5,3,3,0,0,8,3,2,3,3,3,3,3,3,0,4
1432,3,1,1,1,3,5,3,3,0,0,8,2,1,2,3,3,3,4,3,0,4
1433,3,1,1,1,4,5,3,3,0,3,8,3,3,3,5,3,3,3,3,0,4
1434,3,1,5,1,3,5,3,3,0,4,8,3,2,3,2,3,2,4,2,0,4
1435,3,1,1,1,3,5,4,4,4,4,8,3,2,3,3,4,3,4,3,0,4
1436,3,1,5,1,3,5,3,3,2,0,8,3,1,3,3,3,3,4,3,0,4
1437,3,3,6,1,5,5,3,5,0,4,8,3,3,3,5,5,3,4,3,0,4
1438,3,1,6,1,3,4,3,3,3,0,8,3,1,3,3,3,3,4,3,0,4
1439,3,1,6,3,3,5,3,3,0,3,8,3,2,3,3,3,3,4,3,0,4
1440,3,1,1,1,5,5,3,3,0,4,7,3,3,3,2,3,2,3,3,0,4
1441,3,3,6,1,4,5,3,4,0,3,8,3,2,3,5,4,3,4,3,0,4
1442,3,3,6,1,5,5,3,5,0,5,8,3,3,3,5,5,3,4,3,0,4
1443,3,1,1,1,3,3,3,3,0,4,8,1,1,2,2,2,3,4,2,0,4
1444,3,3,1,1,4,5,3,4,0,0,8,3,2,3,5,4,3,4,3,0,4
1445,3,4,2,3,3,5,3,3,0,0,8,3,1,3,4,3,3,4,3,0,4
1446,3,1,3,1,3,5,3,3,0,0,8,3,1,3,3,3,3,3,2,0,4
1447,3,1,6,1,4,5,3,4,0,3,8,3,2,3,5,4,3,4,3,0,4
1448,3,1,1,1,2,5,3,3,2,0,6,3,1,2,4,3,3,4,3,0,4
1449,3,3,6,1,4,5,3,3,0,0,8,0,0,0,5,5,3,4,3,0,4
1450,3,1,1,1,4,5,3,3,0,0,8,0,0,0,3,3,3,4,3,0,4
1451,3,1,1,1,4,5,3,4,0,4,8,3,3,3,5,5,3,4,3,0,4
1452,3,4,6,1,4,5,3,3,0,0,8,3,3,3,4,3,3,4,3,0,4
1453,3,1,1,1,4,5,3,3,0,0,8,0,0,0,5,3,3,4,3,0,4
1454,3,1,6,1,4,5,3,4,0,0,8,3,2,3,5,4,3,4,3,0,4
1455,3,1,1,1,4,5,3,3,0,3,8,3,2,3,5,3,3,4,3,0,4
1456,3,1,5,3,4,5,3,3,3,3,7,3,1,3,3,3,3,4,3,0,4
1457,4,1,6,1,3,5,4,5,4,4,8,3,2,3,5,4,3,4,3,0,4
1458,3,2,6,3,3,4,3,3,0,0,8,3,1,3,4,4,3,4,3,0,4
1459,3,1,4,2,3,5,3,4,0,0,8,3,3,3,4,3,3,4,3,0,4
